,x_angle,y_angle,z_angle,classification
0,1.552395291999338,1.6365632986091343,0.06829986200801444,1
1,1.5324912499080123,1.67793361685076,0.11382870503289118,1
2,1.457899451726243,1.6848492794019099,0.1608280411316327,1
3,1.4085248961872872,1.5776327794694787,0.16241793295317247,1
4,1.3824569817610537,1.1134753911997743,0.5001999081499979,1
5,1.4314047913746977,1.097290636055635,0.4969038774157752,1
6,1.4323585053350019,1.0693419288246906,0.5237335555708812,1
7,1.4001094758718515,1.0826768521126247,0.5221901597975014,1
8,1.4043100803693962,1.064964110339984,0.5376175488915047,1
9,1.4087374973642979,1.0379753558820461,0.562113054095067,1
10,1.4043741667543652,1.0434545032255755,0.558367060434381,1
11,1.407014998702185,1.0354372530684008,0.5651859193805271,1
12,1.4239781126911168,1.0216143282050625,0.5729363350379013,1
13,1.4266401635411385,1.0238888793313992,0.569873306859739,1
14,1.4255926651448474,1.0160725330134568,0.5778470023008219,1
15,1.4399627124149497,1.023038486593735,0.5667189416781044,1
16,1.4433937541796753,1.0271504211810185,0.5617123909386742,1
17,1.4215647796916604,1.02745375016492,0.56800787644909,1
18,1.4160895059639251,1.0409621691186488,0.5566665038917621,1
19,1.4217826739721218,1.0438115365286311,0.5519922965452114,1
20,1.4367739467430023,1.0360748289433015,0.5548650013691414,1
21,1.4204587925173748,1.027080552498905,0.5687317692269296,1
22,1.4204332497199919,1.0353616452577203,0.5606660223926402,1
23,1.411788867309934,1.0484685131360447,0.5508627097306116,1
24,1.4233881203814065,1.0352828063877193,0.5597799392908474,1
25,1.436728827467955,0.996523022696913,0.5936957329939566,1
26,1.423079590072896,1.0079137573784802,0.5866223614996869,1
27,1.4295105846861764,1.0105647338520474,0.5820337698510561,1
28,1.4263082812386905,1.008127393968961,0.5854038813345854,1
29,1.4192663015551157,1.0322714901254004,0.5640618061973128,1
30,1.403640862996123,1.0286472687135677,0.5729809698614298,1
31,1.4297541738852286,1.0280981856566567,0.5647900278900295,1
32,1.4410890860340648,1.0104511642429808,0.5787658157494543,1
33,1.442757999588777,1.0494657700287078,0.5400077658936208,1
34,1.4913562011466779,1.0522405555769512,0.5258393403828404,1
35,1.4850600935473734,1.0318032749442918,0.547279657855884,1
36,1.4806890343516148,1.0252042160405643,0.5546768391831776,1
37,1.4569090483734162,1.0240001504258394,0.5612290211035397,1
38,1.4165062009084504,1.0035619864903476,0.5929949380272538,1
39,1.3723480534182477,0.9415511329429146,0.669606461188585,1
40,1.3397231930136784,0.9019247660049255,0.7222066434626224,1
41,1.2655354665239862,0.9335965802997499,0.7295696862482763,1
42,1.2376052364059864,0.9523549690940821,0.7283715457847099,1
43,1.2636916328634002,0.9550430366305929,0.7100903817813803,1
44,1.3166211246506585,0.9605013304188609,0.676212334399642,1
45,1.338010031447819,1.0070430381789828,0.6212249596213929,1
46,1.3548460653009222,1.019518113688575,0.601538493285873,1
47,1.370699976599163,1.0374755165158496,0.5774262708265457,1
48,1.3934610430847523,1.0735629481372946,0.5335243479816442,1
49,1.3954676261928936,1.0938002290478315,0.5133890863637285,1
50,1.403926515392675,1.1134295472139601,0.4913214650561118,1
51,1.4394064624810772,1.1044462066406295,0.4873968054511316,1
52,1.4773738478260092,1.131910968370464,0.4500938294505389,1
53,1.5045735488239458,1.1722917647521098,0.4045907614434228,1
54,1.5191726534780643,1.1847569873472128,0.3898412425505776,1
55,1.5100554507030368,1.1840004211711113,0.39204171982110836,1
56,1.5167155423477752,1.2015686633069746,0.3735478455928494,1
57,1.5235361878971732,1.2565371999532582,0.31803556264704114,1
58,1.5188366970138145,1.2822580397876018,0.2934454592695591,1
59,1.5226386696177892,1.3258044604717696,0.24987146480500647,1
60,1.5514508152637896,1.3926229363597302,0.17924298254381082,1
61,1.4949033985767626,1.3705510563629648,0.21451163785670438,1
62,1.4023910122050363,1.3294077559116442,0.29627204363363907,1
63,1.4006272545734524,1.3007336185452534,0.321512113325722,1
64,1.4732259758519943,1.3931976813178586,0.20313874707413868,1
65,1.3003736261928251,1.496838856382334,0.2808468375102354,1
66,1.1161290863478108,1.5217444031573228,0.45770680012064674,1
67,1.529183945843681,1.6326275681245,0.07455948960896595,1
68,1.5290730207271344,1.6616814127720523,0.10005280800919994,1
69,1.5967033505557013,1.7745819433651637,0.2054719105227877,1
70,1.6624104470304482,1.6870595199389644,0.14827910746453377,1
71,1.8270760108919324,1.6434190927799657,0.2668186174403013,1
72,1.8329238469702132,1.4870381436781495,0.2757886773764512,1
73,1.834612359326567,1.3568105144860565,0.3429801215843392,1
74,1.8106631010395544,1.6563209941787167,0.2552251136692858,1
75,1.817971418320075,1.6228364640990034,0.2528188798503203,1
76,1.7960547343915259,1.6858119234642637,0.25383306858160026,1
77,1.8544288521010022,1.7045051510940628,0.3151674423784255,1
78,1.7617020777025882,1.6656956709011972,0.21371582114966153,1
79,1.7405798166861122,1.7287172784517533,0.2329315597434508,1
80,1.7866009561765668,1.5800857959617844,0.21601081235080444,1
81,2.066652635893383,1.611660116968667,0.4978477368075816,1
82,2.073780703576291,1.6134772941567683,0.5051367693533809,1
83,2.1026619331036707,1.562226767765503,0.5319496080758507,1
84,2.078696573712732,1.60215666100572,0.5090561969354463,1
85,2.018282047806739,1.7077775847451717,0.47095315231670903,1
86,2.1962261105126792,1.6683822981268779,0.6353978172453726,1
87,2.2023183794952566,1.6957158108905397,0.6477305867777434,1
88,2.2182277858338564,1.7296608808151885,0.6732643080046893,1
89,2.2885833122195858,1.7639081156856644,0.7548046505332826,1
90,2.3252281175248632,1.7811846274433103,0.798066939685937,1
91,2.382823026585851,1.8411206192599403,0.8839637422145388,1
92,2.3918120976170805,1.8418996905407774,0.8935408073033153,1
93,2.4273052614483692,1.8139975401299853,0.9157302363688126,1
94,2.4171429955136725,1.9104793766557402,0.9607848575663128,1
95,2.4143448409705774,1.901318068739229,0.9517960493522915,1
96,2.402392887791443,1.9641680622405504,0.9836038609532601,1
97,2.381943787049957,1.9720611999601088,0.9677037635293995,1
98,1.5199302883579413,1.5183505348510582,0.07309357879631052,1
99,1.5358376166320382,1.537359186668617,0.04838456021273265,1
100,1.5529784889999254,1.5258457812033817,0.048357574484048475,1
101,1.5181636518971375,1.4321676005578605,0.14840479052948752,1
102,1.4440854005516084,1.318323850077103,0.28373711376810185,1
103,1.4808701807972922,1.25174708836273,0.33235150225460613,1
104,1.5076340197073255,1.262343297522149,0.31527454073320815,1
105,1.4299471591956086,1.4519466057178836,0.18480686037602803,1
106,1.2623139664596021,1.3572640023661093,0.37928254604880624,1
107,1.1105439149696306,1.2750092377740587,0.5601111853413665,1
108,1.107684234924041,1.1595002282049003,0.6428863493073403,1
109,1.1973475776784235,0.9609910918183167,0.7464529672448242,1
110,1.1328109222911735,0.8803978725005478,0.8712647373408815,1
111,1.7234164464057813,1.4358675957914049,0.20441862117316378,1
112,1.813267326678866,1.4248505068444273,0.2845342931659409,1
113,1.8651352334830429,1.4160049803012615,0.33474653970572377,1
114,1.8638599024880143,1.3107479507753035,0.397096766586922,1
115,1.9548989582895193,1.2696420288287178,0.49828296906369623,1
116,1.8674594006829806,1.2143012586470256,0.47265292327404823,1
117,1.500745822102327,1.6222303873644837,0.08695528010011432,1
118,1.4385813178125306,1.638573948457526,0.14875721106941595,1
119,1.4583471138050013,1.615079966164663,0.12092357515757719,1
120,1.4791875420767004,1.5948478187515447,0.09473063782347538,1
121,1.5043621515224144,1.5682117306194372,0.0664845807487277,1
122,1.5013354107919266,1.564351906564612,0.06976018415256241,1
123,1.5069352927400954,1.536325812124911,0.07259260679030834,1
124,1.5032342279570579,1.5455860347346504,0.0721258261221149,1
125,1.51040642063825,1.5398692997902799,0.06786569279487817,1
126,1.5130961784037835,1.5452725867235704,0.06310481016587094,1
127,1.516236708167391,1.5271225467122105,0.0699138393842402,1
128,1.5086430704631544,1.5339508037426215,0.07227810636963404,1
129,1.492707284090058,1.5435358393923613,0.08272885516746394,1
130,1.5165002531222949,1.5362889018666805,0.0643519293941939,1
131,1.590691221163496,1.5478907541834286,0.030341565255498762,1
132,1.6322707950311182,1.576179744582795,0.061710327963578934,1
133,1.6557001130528588,1.566147106688748,0.08503159646851431,1
134,1.6873342792984103,1.5627491903458806,0.11681798167524013,1
135,1.6905743593869316,1.5406634156104564,0.1235456036694606,1
136,1.6853343817205504,1.533437114825943,0.12052786748445665,1
137,1.6937696018763055,1.5419017066734726,0.12635586934276977,1
138,1.6893321651792639,1.5346196605953097,0.12398324055380461,1
139,1.6846389715860548,1.5494896325707899,0.11583639359442063,1
140,1.6843458921498968,1.525353069138959,0.12237838488929113,1
141,1.6795780648241367,1.5347478725386703,0.114644112157123,1
142,1.6572987092910403,1.5327584114752058,0.09453461312137901,1
143,1.648968029722783,1.5287737319905828,0.08879152107150048,1
144,1.6406620268717618,1.5357737307366592,0.07817800949483847,1
145,1.6371102167054108,1.5397046065671236,0.07326027725353974,1
146,1.6311579668857608,1.5291861753573797,0.07334267850019181,1
147,1.6179318702277823,1.53106836492282,0.06166370338248129,1
148,1.6211293850070931,1.5261527009235345,0.06730411104932522,1
149,1.6110416414601691,1.526754123364785,0.0596782959477704,1
150,1.6078727638233916,1.5294188013538392,0.05557277298579632,1
151,1.6091969851100048,1.5393818022927312,0.04962312155510632,1
152,1.6020493877625657,1.5246522849065336,0.05574419208659568,1
153,1.5872344531389033,1.524725120793769,0.0489198406334226,1
154,1.5951148841262575,1.5269572335274428,0.05013997344231627,1
155,1.589420795440714,1.5381067641475346,0.03762612940870111,1
156,1.5818569161859213,1.5280604411136456,0.04414568667161565,1
157,1.5825443160615333,1.5331696445944822,0.0394197009719937,1
158,1.5824401821084317,1.5327520521996667,0.039787901613444324,1
159,1.5677930126522936,1.5279512918527847,0.042950296425878075,1
160,1.572187244034559,1.528218140815588,0.04260092619015868,1
161,1.57434646114141,1.5281474993523398,0.04279650958095945,1
162,1.571283561264282,1.5247357921036322,0.0460631152830205,1
163,1.5756014821954814,1.5132494424591982,0.05774759277049676,1
164,1.5782559674194983,1.5094803034232536,0.06176925353974739,1
165,1.5674790468189395,1.5178052533710975,0.053094998226864004,1
166,1.5706880591447905,1.5222927117069243,0.04850373611270535,1
167,1.5787504878850194,1.5237933672505666,0.047672215900930355,1
168,1.563434836480641,1.5204074464548922,0.0509246761632376,1
169,1.5575065583331724,1.5193428479791458,0.05314499567575471,1
170,1.5605618552933007,1.5152108336778751,0.05652174386803206,1
171,1.5591320167247602,1.5098007704668568,0.06210355940096478,1
172,1.5479801239472526,1.5212713817193388,0.05453578369481183,1
173,1.5625172838905834,1.5162361132871265,0.055186009719357894,1
174,1.551706840312651,1.505744251364865,0.06780273802859993,1
175,1.5612380674700246,1.503293854911049,0.06817787149968475,1
176,1.5623715995462044,1.507199378336033,0.06415403049799578,1
177,1.5526893205349928,1.5079593364511497,0.06540042660825725,1
178,1.5496305772228898,1.5083088583415738,0.06598364352125453,1
179,1.5566599528275176,1.4911528269242973,0.08089358308400818,1
180,1.5660676878890498,1.5030354960696877,0.06792612751085995,1
181,1.5653153697150595,1.502956102929898,0.0680619514529871,1
182,1.5538882934508804,1.512491539693924,0.060712262350276096,1
183,1.555881445199195,1.4918778641449288,0.08032125418851521,1
184,1.5460441935942761,1.4840826000351846,0.09019435357072324,1
185,1.5689736063467608,1.5004720756511283,0.07034794657820398,1
186,1.5516403758905721,1.515746148613209,0.05829421170084486,1
187,1.5507819366607813,1.5063188438801884,0.06752062057863184,1
188,1.554643272801785,1.5145537441910324,0.05852093956253874,1
189,1.547062207496873,1.5067738689315004,0.06829147950751246,1
190,1.5554717774049103,1.5060731638974416,0.0665175678657894,1
191,1.5617660778154452,1.5008587856132394,0.07052000842337902,1
192,1.5542355700632895,1.5112898036798474,0.06177324299072914,1
193,1.5579137718270457,1.5067356677331778,0.06534663885633378,1
194,1.5813652320576486,1.513471043077537,0.05829352464618954,1
195,1.5937680487831032,1.530213336710187,0.046639672932300834,1
196,1.607913168403996,1.520423705976344,0.06258910109706559,1
197,1.6166539520731322,1.5302227176499126,0.061249093974528455,1
198,1.6089281649031626,1.5416153298045567,0.04802493092229908,1
199,1.58966671156802,1.548092219528851,0.02952440226658257,1
200,1.601288121889764,1.5313234680119578,0.04988810516828811,1
201,1.6170214737891713,1.5282827682469724,0.06282313496030832,1
202,1.6099311609857885,1.5296710664156394,0.05678513655752349,1
203,1.5966028459992974,1.5409337244441916,0.03947337931777927,1
204,1.6046640692640883,1.5296548204638618,0.05330050244409909,1
205,1.5970663938130967,1.5380663067939693,0.041974562487047846,1
206,1.6080028106889048,1.53864339863495,0.04918422913941559,1
207,1.614999080410587,1.535056645840843,0.05685837285981551,1
208,1.5988360076426051,1.531975766752113,0.047896245594012565,1
209,1.6030295810531034,1.5479799746993137,0.03949594222419937,1
210,1.5921642079931102,1.5378948470805034,0.03923548720916797,1
211,1.5890095926831134,1.5327261757936268,0.04220640042783161,1
212,1.5523985209077804,1.5563834935466923,0.023372118227992046,1
213,1.5204048984327385,1.5280325566317219,0.06611458405266314,1
214,1.4870929793441166,1.4927396183229285,0.11457632387851766,1
215,1.481705551095069,1.4774889319229036,0.12918926436593495,1
216,1.4739757311298485,1.4556790112660272,0.15069813328806564,1
217,1.4478876540702625,1.4306593731932236,0.18693836862859545,1
218,1.4350888294753723,1.4324609305978402,0.19440257973246106,1
219,1.4421022530504637,1.4081011400607317,0.20815897445700024,1
220,1.424440280786128,1.4094412006651178,0.21871398122863359,1
221,1.4284402413929211,1.400457684233553,0.2228940726943235,1
222,1.4291084908684222,1.403563685822661,0.22005705681121482,1
223,1.4209804631411191,1.4104515655096939,0.22033796878876977,1
224,1.4195740228701759,1.409073222492607,0.22233005015763987,1
225,1.4172838024619754,1.409181731263848,0.2238425805508063,1
226,1.425164971315011,1.4257837934910933,0.2062533555477437,1
227,1.4337471743368275,1.4188306601688105,0.2053557501458107,1
228,1.4427847021554878,1.4481098501029956,0.17778031123143814,1
229,1.457052761395463,1.4834651677687454,0.14363408120742796,1
230,1.4803315731999225,1.5432654138537796,0.09458316686374431,1
231,1.4873123614275177,1.5848560919887325,0.08466505202968937,1
232,1.4752922887260362,1.5952546064253696,0.09860467944823459,1
233,1.4836695353288372,1.587548819371642,0.08873076864596775,1
234,1.4819446464923436,1.5685134946516162,0.08888115629448934,1
235,1.479769605089981,1.5549207555809492,0.09240830917781621,1
236,1.494716513876244,1.544078253174871,0.08065206985067654,1
237,1.4880116953882099,1.5256554785816885,0.09434161399783743,1
238,1.4735185791369998,1.480333485700643,0.13303586708776624,1
239,1.481137885231617,1.4741039998217433,0.1320551284263716,1
240,1.4850247700804373,1.4692005544465125,0.13315218871394244,1
241,1.482047998708695,1.4298721255753262,0.16685785970199732,1
242,1.482925484983714,1.4110047365133975,0.1827242324672201,1
243,1.479662221312413,1.4309813862724075,0.16722233038585718,1
244,1.499896755549498,1.4020276920168055,0.1833209456605485,1
245,1.4864030236860066,1.406172931526185,0.1853479474486721,1
246,1.4961982528397193,1.3994967537261136,0.18713386196060552,1
247,1.4858917928350415,1.4218959820641242,0.17172107502445566,1
248,1.4918457052670906,1.4085172006849775,0.18077289048009693,1
249,1.4907233493788905,1.444497375998613,0.14977319585036472,1
250,1.485087214786834,1.4465929055984117,0.15115853745982286,1
251,1.4913982912260304,1.4726468315040604,0.1264047511624637,1
252,1.501808420136482,1.4891635917067125,0.10697893214880247,1
253,1.5048743163923746,1.5297732998602969,0.07767554003392833,1
254,1.4835113572110106,1.546318161153337,0.09066918731065839,1
255,1.4821388063685368,1.5627342792079428,0.08902524581455472,1
256,1.470071386050964,1.5744822201134328,0.1007928163360638,1
257,1.4716404409391093,1.5833725011826147,0.09995544703211251,1
258,1.4648624224185098,1.578091807609229,0.10618670551660524,1
259,1.4645208522125546,1.5799049888037169,0.10666804710098089,1
260,1.4537320535248042,1.5901310332551062,0.11866470770788692,1
261,1.4631702390167638,1.5745310625375162,0.10769137068116366,1
262,1.467557370682088,1.5581822555790377,0.10401217803411272,1
263,1.4526885973887291,1.5358804969953075,0.12320701700769755,1
264,1.4535155953103305,1.5351012548988465,0.12264042684578451,1
265,1.4308861986173071,1.5182979947521893,0.14955689259102053,1
266,1.4215490210908213,1.5286763379789516,0.15516280366515903,1
267,1.438963361469054,1.5220368260265944,0.14065995554133845,1
268,1.467093313791659,1.5392888373734621,0.10841675786430595,1
269,1.5052346508707455,1.5478803876797007,0.06946208914966023,1
270,1.5951578581243042,1.5542999062445886,0.0294231849712669,1
271,1.5802228251861241,1.5711835020522955,0.009434446750095351,1
272,1.5990855858342015,1.5611648141959464,0.029884740675489383,1
273,1.6132998869183246,1.5591114979047034,0.044082337021904554,1
274,1.6314292313742986,1.5289478665873644,0.07370173598138842,1
275,1.6447599071655814,1.5262437137090488,0.08638756301533204,1
276,1.6416467304473517,1.5401683905577905,0.07720750093515455,1
277,1.6405946236942366,1.540146751295092,0.07625128236092736,1
278,1.6309732377355637,1.551463129524186,0.06321342550647506,1
279,1.5713572920003667,1.568633065166284,0.002234811808022448,1
280,1.5380067143731049,1.5834144160769559,0.035135296319352666,1
281,1.4910766201139254,1.5804287063022893,0.08030198414906103,1
282,1.4886192925747745,1.5539389018936254,0.08389589560970284,1
283,1.4504213563962227,1.5096934762156722,0.1351298186066245,1
284,1.4030991106473216,1.5001651187609466,0.18222547308408146,1
285,1.3991198756417187,1.4892112958883919,0.19042570451960558,1
286,1.3917085571209997,1.466185488510442,0.2079775161022909,1
287,1.3840557229621575,1.4487819178579864,0.22386139553360695,1
288,1.3661162683607855,1.4521674875098434,0.23742438244776365,1
289,1.3577305513145144,1.4315612773081963,0.25571175539882574,1
290,1.353322297178872,1.4265821059718446,0.2622404426472878,1
291,1.363131386039334,1.4247386193393619,0.2551274016893337,1
292,1.3708772065650374,1.4304512999968573,0.24536561881491986,1
293,1.3596616182758101,1.4456098650723315,0.2464320701423069,1
294,1.3721053463874957,1.4329822657756603,0.2428677731894477,1
295,1.379694353688876,1.447900809677211,0.22803527954246453,1
296,1.3491748839683144,1.476107571971441,0.2416273841352708,1
297,1.3377848873511058,1.5251510212397579,0.23760318560457963,1
298,1.3364373110548948,1.4831034928026243,0.2508071739068226,1
299,1.3356111952670213,1.4507626916854006,0.26508361078668247,1
300,1.3475661521008908,1.4510994773920989,0.25426313617021656,1
301,1.3616432393614757,1.4733705034589135,0.23134536617889573,1
302,1.3585586704461357,1.4783531934515348,0.23206415444747178,1
303,1.312457777228349,1.4452888166235172,0.2884786281852922,1
304,1.3158891170816314,1.3935588045123606,0.31275559482066395,1
305,1.2317623058866927,1.3922759308092436,0.38657001688965875,1
306,1.2246103857468253,1.476339349742586,0.35989603314368157,1
307,1.168580332546669,1.4569574409466597,0.4198314894948009,1
308,1.1420741033439843,1.4863698705529007,0.43805126572966063,1
309,1.2298532903973933,1.53383971976269,0.3431033406506754,1
310,2.036050264527941,1.4600413835170487,0.4803212011753609,1
311,1.9830547190237169,1.4722584883991405,0.42528474577386877,1
312,1.9988330430929648,1.4459088635714206,0.448231800480544,1
313,1.8282858222429132,1.338239856429273,0.3505958078568842,1
314,1.8347280828587798,1.3842494496334197,0.3258207585069811,1
315,1.9319413534738834,1.394753670634269,0.40537891054951847,1
316,1.5334474713210202,1.4151535053083484,0.16013252410543574,1
317,1.4405761652862454,1.4161722248799546,0.20283356791459195,1
318,1.4787507815272416,1.3968568419574132,0.19723428675781693,1
319,1.522739791846146,1.445839676362885,0.13396954027627545,1
320,1.572002522761336,1.4364737961007685,0.13432801200584696,1
321,1.5835128800493048,1.4667772718748855,0.10479907914075169,1
322,1.1895685105330172,1.5710306314146651,0.38122789574458543,1
323,1.2757960917411346,1.606405297379849,0.2972706726688433,1
324,1.5407276457067633,1.6271311471238656,0.06387217005323527,1
325,1.7671461395431884,1.5295517149364646,0.2007459228789461,1
326,1.7710846636832323,1.5128591251224532,0.2087193472610575,1
327,1.7460422600137204,1.4979911970361641,0.19005816105534604,1
328,1.690354181617444,1.4960601603403982,0.1411853407919346,1
329,1.651426732412926,1.4997108003895263,0.10759384018362868,1
330,1.539498923202503,1.5296470059140488,0.05170977853193177,1
331,1.4063415609033227,1.5515954722391978,0.1655921983392649,1
332,1.4714579131493595,1.4705682959237838,0.14135235134457994,1
333,1.4620939573903597,1.5233859925518982,0.11866662722147509,1
334,1.4421227116851945,1.535935054794137,0.13336316641632442,1
335,1.4373528244944178,1.5479835920951228,0.13540243935610177,1
336,1.435622006359704,1.5559304962718714,0.13599928397661407,1
337,1.4360962805597355,1.577907482735202,0.13488991033069822,1
338,1.418912083761061,1.583571732303898,0.15242890739345014,1
339,1.4132328868354314,1.5734656158747888,0.15758642715509488,1
340,1.4117251046195562,1.5843690245952595,0.1596590642960267,1
341,1.4180522497925305,1.5938053699835233,0.15449432423469803,1
342,1.4051428085352335,1.5913194039551508,0.16694337843785,1
343,1.424451871878393,1.599024000319666,0.14908050409370932,1
344,1.4346864819935552,1.5910032311400577,0.13762011750928954,1
345,1.4302599986190059,1.602929082991149,0.1442106158482495,1
346,1.4252295590257318,1.615267410551399,0.15230103092702948,1
347,1.4342487446732457,1.6131835741446419,0.14305407715486368,1
348,1.4299907368922613,1.6044897541511018,0.1448330572013643,1
349,1.4332425606017527,1.6152289490944625,0.1446390163687777,1
350,1.430144496072281,1.625456354023987,0.1510313982217395,1
351,1.4435342516646723,1.6157447736974504,0.13504813850526576,1
352,1.4481503211315085,1.6140600521035113,0.13012575427869838,1
353,1.4507903695690594,1.5951725188266659,0.12248009458291022,1
354,1.4582789047520688,1.6153435794019873,0.12108464929319765,1
355,1.456200512381393,1.6103263505838108,0.12127901043911789,1
356,1.4489294117841034,1.6012744824041063,0.12565718602609022,1
357,1.4483120058877543,1.6043002645894193,0.12702848010856285,1
358,1.4664294789857484,1.6053902658495063,0.10999054107784115,1
359,1.465638416548287,1.6195723556763872,0.11599541722707028,1
360,1.4760473331499808,1.6309658057555165,0.11233669833302937,1
361,1.492118324811996,1.6208400687180349,0.0933004894468687,1
362,1.4831636321626767,1.617111905101502,0.09917487036705352,1
363,1.4471029314297021,1.6276399789512888,0.13625161590572624,1
364,1.4437683970111694,1.6117088715741201,0.1335218644233827,1
365,1.4436664542251052,1.6177897998892918,0.1356259245622155,1
366,1.431310245972795,1.6158809565593173,0.14668204595620082,1
367,1.4336872211158163,1.612598029527524,0.14341687638281891,1
368,1.4485867315317356,1.5988243978032106,0.1254138648961376,1
369,1.437506959555424,1.618874388040077,0.1417927777875853,1
370,1.4484530235677238,1.634035668785821,0.13786718728724043,1
371,1.4452284202866796,1.625732638581244,0.13717617118497824,1
372,1.4438188591296353,1.6191238524916924,0.13595642561922927,1
373,1.44385519979975,1.6337878630344862,0.141862655984395,1
374,1.449219269006587,1.6245967333353493,0.13305722163532108,1
375,1.4453173174543639,1.6224729907499924,0.13580770781094748,1
376,1.4471260680018412,1.5985239634021329,0.12677165694018833,1
377,1.441914554482225,1.6117367931182582,0.13529727854123616,1
378,1.4491426742407971,1.6015693614644857,0.12552291932302814,1
379,1.4530577200715702,1.6144290058084074,0.12563405127367572,1
380,1.4580062716088422,1.6218841292873987,0.12391067324109994,1
381,1.4714452124869584,1.6051488947290733,0.10515963412591882,1
382,1.4562037863536856,1.6091386831146532,0.12089063206764127,1
383,1.4631743295410575,1.6153075156514791,0.11652955079364963,1
384,1.4580499724246172,1.6073333383385686,0.11856678004696095,1
385,1.4604343844828689,1.6280399662313956,0.12443228416816285,1
386,1.4565448642642738,1.6109415856793277,0.1211575836583172,1
387,1.453279115629029,1.6054661026007382,0.12257011432818916,1
388,1.452491441589409,1.617622901033527,0.12731610018651612,1
389,1.4478979038276234,1.622311332986696,0.1333595274952577,1
390,1.4509090146080272,1.62115882559829,0.13013011107959793,1
391,1.452419104429922,1.6067230558009569,0.12375799569099846,1
392,1.449745301197886,1.6108888648795057,0.12757972061614495,1
393,1.4688356849732929,1.6043840762374844,0.10738701218980483,1
394,1.4497343754312413,1.6068891816312922,0.1263784550942575,1
395,1.4561137327843992,1.603979355409007,0.11942750950683786,1
396,1.4637744626801017,1.6043234940258544,0.11218905552241452,1
397,1.456646819866431,1.6049343249978407,0.11918768353649124,1
398,1.4643857561443767,1.6122649368649857,0.11426248703493852,1
399,1.4507278645316002,1.6046498112594398,0.12479418784990412,1
400,1.4552479186314289,1.6069310880077323,0.12111506015528524,1
401,1.4646697737099814,1.6108267364806625,0.11347856019097172,1
402,1.4581622547910227,1.603086288773008,0.11720900538130316,1
403,1.4632464080677139,1.5877059271263503,0.10888129680874307,1
404,1.4516348297920718,1.588511958979113,0.12048359714380043,1
405,1.4514840469679149,1.5887611336031755,0.12066995558060145,1
406,1.4477622199395777,1.5872221891833345,0.12413679114131661,1
407,1.4530282803560308,1.593272258196483,0.11991322975070982,1
408,1.4590541046671321,1.5931430674516187,0.11397316912246853,1
409,1.4553047609703378,1.5972305120507178,0.1185045250344563,1
410,1.4583717819523385,1.5995478423169844,0.11607298337158162,1
411,1.451997116729429,1.592216615583831,0.12073287734877054,1
412,1.4678845170642398,1.6071973826160244,0.10920295446715232,1
413,1.4612395893210122,1.61118400032829,0.11682028379295577,1
414,1.456139469137664,1.6090073229637405,0.12090971584575706,1
415,1.4577760171974221,1.593014871770922,0.11520192797058744,1
416,1.4554232035658476,1.603682955359241,0.1200089590674989,1
417,1.4658393452561893,1.5943667063260079,0.10759011549431917,1
418,1.4563025623264811,1.6029257626558688,0.1189546307046738,1
419,1.4423658319436385,1.6037437997932258,0.1326346995671186,1
420,1.4090378223015938,1.631040100799438,0.17279851896957146,1
421,1.3532141523285484,1.679624821482585,0.24406982920311526,1
422,1.3398294015886107,1.6840350745313468,0.25814594246881173,1
423,1.320153977152267,1.7033958776328315,0.2849024369904865,1
424,1.3232376552591516,1.7228070799678854,0.2921909029466196,1
425,1.3208080701468226,1.7276392203217983,0.2969214184363999,1
426,1.3255621131648743,1.7291496583528545,0.29370528470216317,1
427,1.3316705612281419,1.7280911316324228,0.2879298867466443,1
428,1.333750938779446,1.7310300252266035,0.28786372844794234,1
429,1.3356121979360387,1.7165239082613941,0.278137210259523,1
430,1.3514477037197612,1.6983191748101243,0.2547817051210957,1
431,1.3624993934836598,1.678813561651822,0.2353757444539741,1
432,1.3744727813509865,1.6383048145857169,0.20789381325927056,1
433,1.391299641248893,1.6053744799778058,0.18286825037502358,1
434,1.3927525760109905,1.5649243270451425,0.17814263158369692,1
435,1.3919025102668643,1.532569832089259,0.1830189422576547,1
436,1.4031155152199626,1.5043754485178629,0.18058947569754846,1
437,1.4060594669259834,1.5069539817387416,0.17688671267655331,1
438,1.400487432084124,1.4930146887444729,0.1875474257109413,1
439,1.3984790737347292,1.503770884686069,0.18513783283320898,1
440,1.3976561618950045,1.5036604169757908,0.18594702962188311,1
441,1.395426620811766,1.513208613113887,0.1847700517767045,1
442,1.387779725859413,1.5058687222137292,0.1944389127996634,1
443,1.3900940051655442,1.5055416663221202,0.1923689689478334,1
444,1.3908798209843307,1.5159693215233387,0.188260212178296,1
445,1.3941532193245094,1.504706919934583,0.18884647098973623,1
446,1.3881780564823136,1.508023103518512,0.1933366756367089,1
447,1.384736208444935,1.5098807062769417,0.19600071201373281,1
448,1.4054840221660478,1.5131004078512993,0.17526695168277456,1
449,1.3860556581257943,1.5252804917211018,0.1903910500974571,1
450,1.4025573715782325,1.5095480000949149,0.1792416389840731,1
451,1.4054348219882635,1.5095104961223278,0.17654987509119607,1
452,1.390027664083566,1.5124616062018954,0.19014639352239987,1
453,1.396185332220482,1.5151172673651998,0.18344801480315512,1
454,1.4062238646523415,1.5055026669259395,0.17727232773692872,1
455,1.4221177937177105,1.494351965653926,0.16744044932912244,1
456,1.4301367090752557,1.4953080796881448,0.15987392634210207,1
457,1.407019450759019,1.506030866320618,0.17633360084439773,1
458,1.4186251591554997,1.4955351312395966,0.17002630963772672,1
459,1.4113277751138136,1.5023263140522949,0.173778524347223,1
460,1.4173991673579331,1.5021080885699507,0.16829665736765181,1
461,1.4338096585885534,1.505405904800857,0.15197147400360647,1
462,1.426841462459054,1.5088679966013165,0.15688122570844737,1
463,1.4192342995749088,1.5259406737111951,0.1581589496827934,1
464,1.4252009366903662,1.4991351069737093,0.1625017667030218,1
465,1.4287017974832001,1.49259333773403,0.16244970865190442,1
466,1.4256310484696306,1.4942289759150147,0.16437435209966206,1
467,1.4282181072844575,1.498707813586427,0.15998931342996395,1
468,1.4179849658353911,1.5072209915309829,0.16570115147345463,1
469,1.414670588980665,1.5246745238545958,0.16290324475569146,1
470,1.437810585334947,1.5051193031165182,0.14849263660673218,1
471,1.4356644712296478,1.4957499111792447,0.15479637841801314,1
472,1.4254304588560698,1.5088014119668596,0.15820678610122416,1
473,1.4347455203518178,1.5140078216060961,0.14756340824805997,1
474,1.4361598633471007,1.5030798929261036,0.1508923493560357,1
475,1.4519994515972967,1.5133854858123297,0.13206046596215823,1
476,1.4334159801146007,1.5006199653884433,0.1544692259921715,1
477,1.438000229500242,1.4951544230465366,0.15305067910159384,1
478,1.4520887689785549,1.5069306992061282,0.13494053619603935,0
479,1.4777619633165326,1.5349411574230725,0.09974186054216401,0
480,1.4809630600781627,1.5625774195600584,0.09021048194137232,0
481,1.510743224248752,1.6141540718530811,0.0740999360491093,0
482,1.4930221440250218,1.616117802407445,0.09006205698828869,0
483,1.5045823715428932,1.6050585863345996,0.07457633923808642,0
484,1.4984569009875672,1.5180466149771332,0.08958386238932294,0
485,1.484767074120583,1.460127108046192,0.1403912337850814,0
486,1.4590828220991057,1.4982535626601494,0.13336607107114926,0
487,1.4180349416217668,1.586686300861586,0.15359851514110556,0
488,1.3902881615366594,1.6490601939887541,0.19708864251762567,0
489,1.3201773760250513,1.688143459945099,0.27780969689363777,0
490,1.3394437972491204,1.6842836213712307,0.25860714124243434,0
491,1.2712274624269173,1.7035729348770685,0.3293654973179422,0
492,1.334124895580638,1.5741650587629137,0.23669632407079663,0
493,1.3006145175012076,1.5651339760295055,0.2702441257061523,0
494,1.373054565371545,1.5901000732600103,0.1987066547217236,0
495,1.4230435974544091,1.6122449388503233,0.15353871708331326,0
496,1.673484754274335,1.5697824584188154,0.10269346780242798,0
497,1.6904265621222467,1.621970388923157,0.1302127586107575,0
498,1.6349737993652462,1.642453052752845,0.09626834647238285,0
499,1.6491089740932943,1.7183319776352073,0.16730155196523405,0
500,1.6768761521446724,1.7203951919970877,0.18385680452811262,0
501,1.6569800473880165,2.032465720532001,0.4708947747584839,0
502,1.6564504746326856,2.046462940671418,0.484599133416162,0
503,1.6525497133974771,2.0485222030542842,0.48584634349732764,0
504,1.6528361730422658,2.048788718555625,0.48616640938605077,0
505,1.6653306695376178,2.0060678360108763,0.4468124412882987,0
506,1.6651980099580095,1.999889904268988,0.4407205485857366,0
507,1.6702307822923261,1.9893144403877516,0.431633902229303,0
508,1.6620435523182144,1.9868557836028693,0.42717775604507363,0
509,1.681071612766507,1.9618190114889356,0.4079242056454234,0
510,1.6928232814868878,1.9525039880818433,0.40268445240078793,0
511,1.6997920484451476,1.9618277888398228,0.4139895926792418,0
512,1.704041398009246,1.9638582920609673,0.4174211697162502,0
513,1.707354155967558,1.9486540193062316,0.40415859936430315,0
514,1.7240503895709207,1.922238337209844,0.38610241930384254,0
515,1.7143755505421159,1.9212897391436523,0.3811434377954775,0
516,1.7225048688638922,1.9350209140952555,0.3973290462578889,0
517,1.728539730044683,1.932684938471825,0.3977307983850686,0
518,1.7322681604607855,1.9417913168658192,0.40780070681253244,0
519,1.7337529663926257,1.9293302551332967,0.3969324522453388,0
520,1.7295053468053654,1.9330655647800303,0.3985040492853656,0
521,1.7354461474022815,1.9078216424804733,0.37801237234643337,0
522,1.738847604200846,1.8964350922530027,0.36934053521361127,0
523,1.7372827760405252,1.9029203232817944,0.3744373800069235,0
524,1.7452909461559185,1.8827881263057737,0.3604013380300664,0
525,1.747936337496039,1.8794202843268542,0.3588115206214034,0
526,1.747486279876538,1.8860212291654614,0.36440247430238193,0
527,1.7536414255460737,1.8904481601360286,0.3715397553008809,0
528,1.7526280488788175,1.8809260476931695,0.3626294630521317,0
529,1.7694137814653148,1.8735637474055244,0.36563114115069284,0
530,1.7451869621628702,1.871564365640489,0.35045376807791623,0
531,1.754198759560824,1.8838925280794319,0.366072041915791,0
532,1.7502066224546642,1.8879271101475767,0.3675071626862128,0
533,1.7635124274815113,1.8870134169517303,0.37387032526546754,0
534,1.7662706999066953,1.8646003218615053,0.35618334658837325,0
535,1.7628494026139425,1.9009557209934909,0.3857035035284425,0
536,1.7596450554384238,1.913855070514333,0.3954344719578517,0
537,1.7615279525215572,1.9104018829537759,0.39334733715554804,0
538,1.7626027781982336,1.8772684145106981,0.3649235758783111,0
539,1.7525568657812347,1.8825954713806066,0.364055266709864,0
540,1.7471127696337676,1.8979657491801882,0.37483251906184334,0
541,1.7475524834203338,1.9101471570586486,0.38597559873135895,0
542,1.7561670743575273,1.91369189432644,0.3934971596605533,0
543,1.7510689953676384,1.9236434304371153,0.3998889096890275,0
544,1.7409039104405875,1.9228967203593663,0.3943190352688012,0
545,1.7558062140040878,1.9417527425428076,0.41863204349326766,0
546,1.7486342423457202,1.94598253983733,0.4190702597948009,0
547,1.7408639579605192,1.9632400122760172,0.4314891980179493,0
548,1.7382806076671165,1.9773781787941567,0.4435749489332193,0
549,1.739053603246312,2.0058327886447294,0.4706843945286697,0
550,1.7357293377288998,1.9883245977546018,0.4527949775252894,0
551,1.7366699540474346,1.981297984873045,0.4465744379364794,0
552,1.7235071705323188,2.0092624626232394,0.46786382805036325,0
553,1.7233289208314297,2.0196693575724836,0.47774950731898397,0
554,1.73377331604845,2.014187641334854,0.47649120095017006,0
555,1.7339329617166903,1.9849821847189142,0.44890764924235677,0
556,1.7277515757441846,1.971128070468793,0.43333777041836397,0
557,1.7458049949045866,1.9492764475861901,0.4207845523366687,0
558,1.7425908046840772,1.900480357431347,0.3748221715889559,0
559,1.7440755588527144,1.8918755297712826,0.36785671853846913,0
560,1.735900007172421,1.8909694174314602,0.36297876915464417,0
561,1.7220009645809344,1.865079101551551,0.33295120553680374,0
562,1.7323926227584354,1.874597415424111,0.34656835283525517,0
563,1.7431207825195554,1.8699785805506228,0.3479694458430109,0
564,1.730115485864879,1.8496123848611605,0.32326964709120276,0
565,1.734487253324585,1.8223514284018467,0.3020842831294243,0
566,1.7262729039293343,1.8051752691034475,0.2828883328036034,0
567,1.724336029198801,1.7631678222905913,0.24734557234656743,0
568,1.7291451139003058,1.770936570480008,0.2565562779270385,0
569,1.71455287770023,1.77430000956528,0.2503344770340295,0
570,1.7234850499147618,1.7905659499430078,0.2690525663410008,0
571,1.7253210899345075,1.7904322226415335,0.2700233348569547,0
572,1.7152303275816243,1.8287151158792707,0.29723376136468,0
573,1.7110649096472355,1.8565709729630917,0.32010463253607274,0
574,1.7210047067476313,1.8773764069676733,0.343583032740996,0
575,1.7191785223934288,1.865135702894074,0.3316515666314029,0
576,1.7057593741693322,1.8604275892022903,0.3212025012563141,0
577,1.7086199194706289,1.892917842284367,0.3523515793296744,0
578,1.70910769568058,1.8852821036455771,0.34549437198444083,0
579,1.7164314766334794,1.9126002816270538,0.37390574266385995,0
580,1.7222313352140657,1.9091081950195685,0.3731722820561899,0
581,1.7287842388644485,1.8883355457454924,0.35717535619846874,0
582,1.7307193059154096,1.9028195282899116,0.3712439484744259,0
583,1.7406237590052847,1.873301053153622,0.34959292087250693,0
584,1.728105463710845,1.8744263084765156,0.34430568045084087,0
585,1.7332197758679222,1.835701100481947,0.3128076658550146,0
586,1.7431084690778678,1.847168438158201,0.32812210248323476,0
587,1.7601466341139695,1.83013402136899,0.3237266769157157,0
588,1.781608464782011,1.8134241575501266,0.324257891543418,0
589,1.8478751362989843,1.8170922871971333,0.3751721796439858,0
590,1.8556186939662327,1.8397650305413564,0.3970969780102368,0
591,1.881856317398136,1.8456369241755601,0.42142628986588193,0
592,1.979689475725777,1.7698633284625167,0.460123190699995,0
593,2.0426363246957613,1.80239083435028,0.5342471904764752,0
594,2.100587191624653,1.7810469402970277,0.5784818549403595,0
595,2.138526167964258,1.7600890731410022,0.6061299802412913,0
596,2.1231876871663484,1.772696877003343,0.5964840865590273,0
597,2.1115436423281886,1.7985130683438706,0.5969265192242114,0
598,2.1129509245176497,1.8008274645897104,0.5993611525582732,0
599,2.114490147223403,1.793489030067442,0.5973756839506279,0
600,2.095258255864401,1.8082347918678376,0.5862474837763638,0
601,2.081257509491505,1.7937062546467815,0.5660071298975503,0
602,2.088905707384695,1.7756602654069324,0.5649739946661018,0
603,2.068409427261373,1.7919751197094609,0.5531021502667455,0
604,2.0641068303613888,1.7879735885306214,0.5471584934034871,0
605,2.0802345553186807,1.789409544021904,0.563011897779222,0
606,2.075643750591982,1.8122589000878535,0.5699092205716842,0
607,2.065580272923807,1.8345746475498483,0.5724755022806752,0
608,2.0138647112477215,1.8600327988834238,0.5409182427938942,0
609,1.9853939645404217,1.8577770743358797,0.514762503532444,0
610,1.9215550339687433,1.8649613986501157,0.46630960375686226,0
611,1.856681020560245,1.8534477634043287,0.4078414717114578,0
612,1.7966868452416755,1.8193355441789199,0.339142087414025,0
613,1.7134108326826032,1.8111693449368236,0.2809471071954043,0
614,1.6427732565499358,1.818158582775819,0.25804426712487744,0
615,1.6228459353484415,1.7685681119026817,0.20468241119295905,0
616,1.6350471732201592,1.76973946392044,0.20932686074898163,0
617,1.5788924953879346,1.7898317892518898,0.21918993189570626,0
618,1.5746618337149174,1.8294418958332574,0.2586757822731478,0
619,1.5401730830806082,1.8716571415782555,0.30251300208422577,0
620,1.5248510562498034,1.8736347880972635,0.3065241543809727,0
621,1.5127565625264079,1.8835068271760724,0.318413133147166,0
622,1.514981464464745,1.888675899534883,0.3230839967515431,0
623,1.5021369258401498,1.8823593550986726,0.3195401046120338,0
624,1.503301556865381,1.875018962380652,0.31209188829197915,0
625,1.4962494056581206,1.893824085175159,0.3321319141101823,0
626,1.4909246555028597,1.8821271779814055,0.32208609275930805,0
627,1.4847802841553561,1.89027534018425,0.33165659772893535,0
628,1.4981541475231746,1.886536504577849,0.32455735024278887,0
629,1.4919403956569495,1.908795310724484,0.34779778149381096,0
630,1.4908524683928834,1.907741439940943,0.3470379681302395,0
631,1.4777583105589802,1.9004813645977148,0.3435284685206719,0
632,1.482008197900728,1.8856970737725527,0.3280157444892054,0
633,1.4907952671918558,1.876862086427574,0.31701050578665785,0
634,1.5179669419466613,1.8616541065841399,0.2958940205843732,0
635,1.5521756352394471,1.8891762912004693,0.3189625763334399,0
636,1.6144395250855514,1.885016346982907,0.3174436627434284,0
637,1.6419247057142858,1.8924731421100507,0.33000423522163325,0
638,1.713925128242697,1.843020025787284,0.3092742698466083,0
639,1.7405647803142312,1.8731147349645998,0.34939773759715426,0
640,1.767945065765795,1.8723666469588092,0.36376080032440944,0
641,1.7954202991716608,1.8661993102927323,0.37531010687827393,0
642,1.8445239331775243,1.8722563066402336,0.41319502415558046,0
643,1.882062372770856,1.8591914709981008,0.4311965875117442,0
644,1.922288466956327,1.8401056116610417,0.4501758945700635,0
645,1.9885661382366326,1.8385005257963434,0.5056036795290365,0
646,2.0363520911569815,1.7936406164305887,0.524027850397655,0
647,2.103484243857061,1.766548622735857,0.5749868826890806,0
648,2.1356481765921815,1.771641762315199,0.6080375354322384,0
