,Distances,x,y
0,0.8195841862369919,-0.7530857061307682,-0.3233885550715647
1,0.8438048744045022,-0.7790639502909821,-0.3241389014385778
2,0.8150020197557863,-0.7462769496794739,-0.3275652707218994
3,0.8556400607888471,-0.7940403707696941,-0.31877861160163906
4,0.8536841808423495,-0.791670714298508,-0.31942786469336626
5,0.8160580218132254,-0.7499585714354333,-0.32173410776017924
6,0.8218247112517968,-0.7502813400702428,-0.3353710881493809
7,0.7598554311383735,-0.6974013045925244,-0.3016814488547955
8,0.8169002919060031,-0.761350661813944,-0.2960933242604139
9,0.7409454021085148,-0.6897590498757926,-0.2706151178707362
10,0.710018424704551,-0.6453946078728415,-0.2959593951010733
11,0.7259823675335599,-0.6515677425490688,-0.3201716334079947
12,0.6970998144990184,-0.6182839495407987,-0.3219830882434619
13,0.6390332883696024,-0.5392534530787243,-0.34288373683675855
14,0.60043404818275,-0.48898137592603225,-0.34845123075490675
15,0.6168598340786879,-0.49085271051355667,-0.37360362883821263
16,0.5917330810932994,-0.46247487702307105,-0.3691409316002013
17,0.575132699560015,-0.4449736048183009,-0.3643845676180552
18,0.5788094366916576,-0.4489751614931933,-0.3652966854017089
19,0.5727527413481143,-0.4365816059382849,-0.37073198415854003
20,0.6131812900076724,-0.4771435017351183,-0.38513033270234937
21,0.5977765127863098,-0.44894196449839535,-0.39469972352572386
22,0.5971045286940807,-0.4659234324699889,-0.37342894004397126
23,0.5901203097483112,-0.45951438842350273,-0.37025465129990875
24,0.612139798676492,-0.47189178009447424,-0.3899144534419884
25,0.6162840408058731,-0.48541334934675856,-0.37971028327920847
26,0.6044827980055132,-0.47698217512134844,-0.3713320046819036
27,0.6229205225456732,-0.4847512156077046,-0.3912112426495783
28,0.5941408230427718,-0.464878236000998,-0.3699885718485676
29,0.661046003803486,-0.5381420117508323,-0.383907533571986
30,0.6583078016533391,-0.5321157522291755,-0.38758481387591914
31,0.6488813095550635,-0.5258086397849409,-0.3802265485436339
32,0.6437505342498787,-0.5449045014381879,-0.3427737368285442
33,0.6292924495635771,-0.5359766454274868,-0.3297544884213486
34,0.6475103618928064,-0.5458807234883415,-0.34825838752627064
35,0.6343178031690828,-0.5317435763973225,-0.34584367043136144
36,0.6379050866926373,-0.5334089782461077,-0.34985391459119713
37,0.6467192240776206,-0.5321613483976546,-0.3674915700572595
38,0.6330681036856913,-0.5338821364256571,-0.34021329825533464
39,0.6340238041443301,-0.5295383726469973,-0.34867649206107615
40,0.637833321702368,-0.5252405390939129,-0.36187528565268473
41,0.6182457011832019,-0.5218997968697778,-0.3314337777879521
42,0.5661165088138255,-0.47740666193701387,-0.30425446700042363
43,0.5722243736048065,-0.48250596624061637,-0.3076178250518365
44,0.5959856955570859,-0.5032602656172649,-0.3192617333153216
45,0.6103947873925898,-0.5186983125583493,-0.3217667742716233
46,0.6126382484579891,-0.5288839033233893,-0.30920452823186223
47,0.5908321352474061,-0.4954832019266123,-0.32183692866040264
48,0.5760766139787422,-0.48989106421958906,-0.3031023100720469
49,0.6056424434449716,-0.5119592800174371,-0.32357451213904836
50,0.5961160142222446,-0.4979286081187486,-0.32775204595721597
51,0.6114062038454228,-0.5152902108996162,-0.32907984540488
52,0.5839332693335356,-0.4778260563941678,-0.3356491067548803
53,0.6061656945017515,-0.5045022131369442,-0.33602732944020486
54,0.5715567333273115,-0.4854894935779529,-0.3016240226460921
55,0.5827732440850896,-0.4971211865647347,-0.30413020219953424
56,0.5913745171125553,-0.5050950844974779,-0.30757564127640813
57,0.5667113883469089,-0.47657509333299153,-0.30665612352720334
58,0.584680900621226,-0.4979214653731787,-0.30647344072835137
59,0.6122251513770188,-0.5096815069694023,-0.3391819532817346
60,0.6044785934808937,-0.5080918296708501,-0.3274707049468203
61,0.5826845556141045,-0.485410733701069,-0.3223316784912651
62,0.5767681291993794,-0.4903175099440424,-0.3037272037576251
63,0.5990291486914365,-0.5167833415670479,-0.30293712030846126
64,0.598817657700634,-0.5155088090984853,-0.30468550165036595
65,0.5826948037741994,-0.500211603120416,-0.2988671719161476
66,0.600589262194493,-0.5139581851241378,-0.3107321126102482
67,0.6003650134392277,-0.5137949171451587,-0.310568724242612
68,0.5854746891014843,-0.5056982968441089,-0.2950421057195855
69,0.5598938766115097,-0.48189207434141446,-0.28506346969401947
70,0.5912977971575423,-0.506647294614349,-0.30486325423593286
71,0.5936517092052832,-0.5084372658320457,-0.3064537461927783
72,0.5705453118425187,-0.48609099499795244,-0.2987264592354977
73,0.5790402194812951,-0.49973870961837075,-0.29248726106603723
74,0.5795006330746845,-0.4947112596092652,-0.30179753701740897
75,0.5715893907078694,-0.4864332531631943,-0.30016182599868546
76,0.6017877270000497,-0.5065836033947935,-0.3248407627429674
77,0.5984685231758318,-0.4990696087162483,-0.3302939582978651
78,0.5819381170968317,-0.5017159593167193,-0.2948441423822252
79,0.5556040427638312,-0.4772965747425866,-0.2844008299469389
80,0.5517586153394044,-0.4659681085307561,-0.29548484129228403
81,0.5798195506405236,-0.48991008523372276,-0.31012710247778286
82,0.5919521888484657,-0.5056146964006629,-0.30783302725041556
83,0.6006654014435991,-0.516091622724148,-0.3073245213863608
84,0.5500243378533858,-0.48216264878193477,-0.26466195863902336
85,0.5924017495667043,-0.4945724889933026,-0.3260949033957168
86,0.5981529902124002,-0.5074268545611659,-0.3167096256355293
87,0.5941061771615773,-0.4973638587528444,-0.3249482139480445
88,0.5721579848674839,-0.4908932520709695,-0.2939193336934601
89,0.5621507774361737,-0.48614122543632377,-0.2822768242406094
90,0.5686221670466661,-0.4996265552288428,-0.2714856794878999
91,0.569565810906575,-0.4871888412796381,-0.2950461758543363
92,0.6286806114058361,-0.5354372958700804,-0.32946352354843755
93,0.7206996641024442,-0.6068074262110039,-0.38883512358395944
94,0.792275866529988,-0.6926899945369022,-0.38455379357680236
95,0.841912090755558,-0.7327244764144594,-0.41464540299339053
96,0.8345847782881304,-0.7291802726047575,-0.40599000257924994
97,0.8487485439542914,-0.7315130756746502,-0.43042155032194107
98,0.8386877640838002,-0.7114112926597659,-0.4441746709348081
99,0.8332632762417368,-0.695196607791752,-0.4593793247937418
100,0.846876450944531,-0.7069898513166935,-0.46622427360617374
101,0.8222562881867255,-0.6734444472672129,-0.47178170789844065
102,0.8002641714891251,-0.6523078445354171,-0.4635916523479839
103,0.7668231747686041,-0.6313089783771072,-0.4352777908217399
104,0.7378597868830513,-0.6129675080056253,-0.41074067150511845
105,0.7130076584416395,-0.5953085043730534,-0.3924126726006029
106,0.733112272829938,-0.6153804348848769,-0.39844764390667076
107,0.7292103969667885,-0.6147178676260596,-0.3922623436754176
108,0.7240985880276765,-0.6110465316271959,-0.38851113416483823
109,0.7018374839452389,-0.5870312776205284,-0.3846688614455212
110,0.6497422560318467,-0.5403418889459908,-0.36082633263612046
111,0.6040208926257997,-0.47469819350492176,-0.3735008217014144
112,0.6030709730874558,-0.39990500433943404,-0.4514095547116035
113,0.6150801587726363,-0.35086426353518807,-0.5051909245915662
114,0.6577741639090903,-0.3389791031163891,-0.5637020652407716
115,0.7170084865997381,-0.36662262636626863,-0.6161891103324907
116,0.570715823176064,-0.1745530718240955,-0.5433670729261246
117,0.5873219839133546,-0.16093408703398474,-0.5648427501689798
118,0.6068582847888956,-0.14363761193504257,-0.589614462385819
119,0.6837754906532443,-0.08452082835345744,-0.6785316139963784
120,0.7699019774122241,-0.010112699438195871,-0.7698355591509952
121,0.8302336690636312,0.00533865120595617,-0.8302165043229147
122,0.7559117921794841,-0.001619288998952302,-0.7559100577840842
123,0.7501517539414976,0.007175973634255305,-0.7501174303693426
124,0.8031390340278644,0.01725855473003138,-0.8029535791487834
125,0.7655750364759751,0.02108626698663199,-0.7652845913905226
126,0.731598938406793,0.044381242745746514,-0.7302515402039832
127,0.7914753800175066,0.06801176877956343,-0.7885478276435309
128,0.8036195220979766,0.1185173291349119,-0.7948320445173982
129,0.7308031375488339,0.18825893605982857,-0.706138654121725
130,0.7088526183887008,0.2195197694491494,-0.6740052710606271
131,0.6752584630068565,0.22409075800212305,-0.636990835130629
132,0.6630485091355373,0.22592823762803269,-0.6233696791705142
133,0.6570882581012415,0.22884889443062406,-0.6159489933853328
134,0.6428684286059168,0.21274492533183764,-0.6066460362054561
135,0.6621334548108377,0.19721574043756046,-0.6320812160659424
136,0.6570835139370792,0.2044519783105784,-0.6244662783952313
137,0.614546026883092,0.18965935168798442,-0.5845478162435366
138,0.6243564154597901,0.18369633366861535,-0.5967215351589943
139,0.6342755381061709,0.17296534470488367,-0.6102363867969472
140,0.6413404402650638,0.1926483857361058,-0.6117222897628126
141,0.605364412761743,0.17078419928246563,-0.5807743361356604
142,0.597448302817783,0.13894318970937736,-0.5810673494296796
143,0.6212615385645772,0.14356918616248762,-0.6044450248651788
144,0.6148893115837807,0.10754456978405288,-0.6054114559619257
145,0.627688209404782,0.062304487928917865,-0.6245883756600796
146,0.6556977119848616,0.053519889992799656,-0.6535098399238845
147,0.6095977124545556,-0.043216414718829255,-0.6080639049710789
148,0.5803531348211294,-0.08891400791651356,-0.5735015782828624
149,0.5440798217383351,-0.11715872726654668,-0.531315993593362
150,0.4973746875163321,-0.11607508496521844,-0.48364052190887225
151,0.4727485454381544,-0.13195016434548623,-0.45396072665274684
152,0.4974433255245689,-0.167562297359059,-0.4683724357951656
153,0.5102805862134098,-0.21397631798902733,-0.4632498375673323
154,0.5424455493150402,-0.2614563136890572,-0.4752765195166126
155,0.6226632596523376,-0.3400660567173417,-0.5215981326553922
156,0.6695004818171708,-0.43008605442490133,-0.5130856467907133
157,0.6401954217485786,-0.42841357709942574,-0.47572259246825227
158,0.6406737280167639,-0.41247495264839074,-0.49023182190531683
159,0.6226745395932493,-0.40929325158522356,-0.46925751615127037
160,0.6401601469768075,-0.42624528945953694,-0.4776190605398023
161,0.6260972821832743,-0.40655372775228915,-0.4761427025672033
162,0.5639201320339385,-0.39859755573494804,-0.39890588348042655
163,0.5076223463187386,-0.40689970122595004,-0.3035013667586588
164,0.4911368329173066,-0.4366384041143435,-0.22486060726708354
165,0.4939937775618113,-0.43468541334782707,-0.23468797091546256
166,0.539263937492328,-0.48894782346378707,-0.22745465528266243
167,0.6110099457992448,-0.5560927018998005,-0.2531680484567033
168,0.6591711811334768,-0.6076424364452715,-0.25549425721091473
169,0.6668085453027667,-0.6139826815877881,-0.26011324994905693
170,0.6798416760829271,-0.638680999031349,-0.23296198405654436
171,0.6943264253680879,-0.6575291986674172,-0.22303483553967773
172,0.6740200709241206,-0.6396082514352501,-0.21261312448787917
173,0.6704284981161904,-0.6309288189878455,-0.22672273034906154
174,0.6707313270056429,-0.627734377658183,-0.23628386346266717
175,0.6570416121991254,-0.616124620255891,-0.22824139080315817
176,0.6388384865619731,-0.6025794959102816,-0.21216164361472867
177,0.6444726179643436,-0.6066611729396868,-0.21750212999706053
178,0.6770468057759347,-0.633538453886735,-0.23879155064239935
179,0.6301142683692346,-0.5847489188476518,-0.23476092756035472
180,0.645883057110786,-0.6020183453039923,-0.23396332058726182
181,0.6699853179958563,-0.6283557097709704,-0.23248532927526525
182,0.6416639247205669,-0.5949133015543799,-0.24043867393052382
183,0.6208322523433125,-0.5789009467165225,-0.2242908367285308
184,0.6250876769678476,-0.5805271012957599,-0.23178198497338556
185,0.6407590621261522,-0.5793808591614689,-0.2736603656617164
186,0.6575497686250864,-0.5920527583104779,-0.28608605278108107
187,0.6007873686561902,-0.5555193662444619,-0.22878744734836418
188,0.6284506556326331,-0.5670869051179663,-0.2708554385808286
189,0.6179719287046727,-0.5625755403239251,-0.2557304559418311
190,0.6407763980648766,-0.5854448411295833,-0.2604778883355633
191,0.6107921878449618,-0.5570286940869253,-0.2505716079212681
192,0.5722633077731487,-0.5132169451331706,-0.2531672582535933
193,0.5545942402589997,-0.5001087424826357,-0.2397207062831534
194,0.5542473334948829,-0.4938793877090744,-0.2515417601160842
195,0.5698301723713142,-0.5093523784503818,-0.2554732469587778
196,0.5773027826021239,-0.5116743905032795,-0.2673346608714489
197,0.5892808487185329,-0.523909908660008,-0.2697597565877769
198,0.5859155119547149,-0.5285960378277078,-0.25275129266139107
199,0.5857890493581215,-0.5310255653073093,-0.24730681215434455
200,0.6240610934720154,-0.5635314879467641,-0.2681128689153015
201,0.5995135903102382,-0.5344847701023422,-0.2715558423148333
202,0.6136846281816666,-0.5553091854469753,-0.2612288870410145
203,0.6382008891085177,-0.5862087861416768,-0.2523086084722522
204,0.6194365594979602,-0.5657516510739167,-0.25224337563116933
205,0.6587680904515233,-0.6004264093386329,-0.27104155394673873
206,0.6676435703498796,-0.5962121355849516,-0.300464684132372
207,0.6752133392145949,-0.6173320541949049,-0.27352182420571614
208,0.7075444470725023,-0.6414448656721091,-0.29860949229055483
209,0.7386330207601277,-0.6770220439079574,-0.29533013970795985
210,0.7282306051889361,-0.6815807884345462,-0.2564516390487427
211,0.6705673567662503,-0.6318710168164736,-0.2244985480304748
212,0.7352907602543192,-0.6944496601500434,-0.2416447219222137
213,0.7578597115258667,-0.7280610037181112,-0.21042461172364427
214,0.7060811107393697,-0.6799139829466548,-0.19044030754164948
215,0.6956997843700788,-0.6693261954907604,-0.18973833034587015
216,0.7446018521407406,-0.7284671864055112,-0.15416704103620654
217,0.8209687817722174,-0.8096095544394344,-0.13609595881193293
218,0.810558673534711,-0.7965830907432663,-0.14986908548548417
219,0.867914639473841,-0.8580359511911395,-0.13057613823560496
220,0.8578470935468502,-0.8469748008991226,-0.13614449143711269
221,0.8674430419527442,-0.8563427585121444,-0.13832754959169058
222,0.8694814420064044,-0.8569523419675036,-0.14707366042207315
223,0.8629454554038378,-0.8509608833010136,-0.14331934305492666
224,0.8207253205108557,-0.8059871109314783,-0.15483807264357088
225,0.8533198756211562,-0.8388165528310628,-0.1566575910280708
226,0.8338338438019787,-0.8145213443609628,-0.17842045468497283
227,0.7563039680272982,-0.7267265526647811,-0.20943784210547883
228,0.7812443586281104,-0.7375241790062307,-0.2576835913857011
229,0.8444703648335757,-0.7921063690882452,-0.2927416901160292
230,0.8916907026834767,-0.7753418022747629,-0.44040594784525217
231,0.7826471215949528,-0.6351154687235929,-0.45734544747802575
232,0.8094177527478921,-0.5808948535234356,-0.56366503139137
233,0.8447652602143997,-0.5130651368845657,-0.6711128892956268
234,0.8669722392167025,-0.48984276829561735,-0.7153285440417636
235,0.8362397167424114,-0.4714474977021736,-0.6906765674089338
236,0.7793333141245413,-0.42949742749201314,-0.6503017563270792
237,0.8031518521976122,-0.43239564757844084,-0.6768211740509276
238,0.7874159867036625,-0.44046145867364517,-0.6527002677642987
239,0.7031421555239045,-0.41066497203095575,-0.570756665858242
240,0.7112564088727068,-0.42016751797902546,-0.5738858213946781
241,0.671765549030134,-0.41741672391001206,-0.5263385141370429
242,0.6579207443553383,-0.41300294098352136,-0.5121408757285874
243,0.6710550603140436,-0.440960312730748,-0.5058348510823326
244,0.6586248738784833,-0.4498401449971536,-0.48107231103066816
245,0.7600219713844767,-0.5237439187123056,-0.550750129005
246,0.7180106136166504,-0.5272876672266623,-0.48734685518306503
247,0.7273132109314528,-0.5494671940514338,-0.4765189497351222
248,0.7536493292157866,-0.5685725912617744,-0.49468426283163336
249,0.6813250600881723,-0.5454555146074191,-0.40826721529962096
250,0.6106077654288169,-0.49949830670433093,-0.3512026264159755
251,0.5696095633109074,-0.4463264883848121,-0.3539035467204657
252,0.5996024565707094,-0.4674930013699903,-0.3754642454291856
253,0.568854435889401,-0.45112724165869,-0.3465250078485974
254,0.5820093790103953,-0.4643126260110778,-0.35092549434710907
255,0.5815024129685236,-0.4688116039210736,-0.3440359520706603
256,0.5339361666349739,-0.42837949487533467,-0.31871435237717766
257,0.5732483885415646,-0.4560246902859604,-0.34735456930216774
258,0.5494232048571762,-0.42164524640844303,-0.3522515354355379
259,0.5353266501434505,-0.3909325195227897,-0.36571353206214824
260,0.5335774169871429,-0.3707707520300339,-0.3837107105069579
261,0.4881100609823212,-0.305915840435303,-0.3803510617875643
262,0.4423110455677093,-0.1961252180624595,-0.3964517119034207
263,0.4650155433706526,-0.12996109085712432,-0.446485800938316
264,0.45964751593884257,-0.10812018241836671,-0.4467503386261365
265,0.48407787276114606,-0.12020726126134634,-0.46891534549106273
266,0.479885844519866,-0.11086513858228007,-0.46690399957344214
267,0.5013401460677142,-0.11450078138656462,-0.48808965684704186
268,0.4847890946437872,-0.11738698538859584,-0.47036237301353145
269,0.4834871514392654,-0.11958306446512713,-0.46846527758200435
270,0.48680173884138667,-0.11296857208253633,-0.47351244403989046
271,0.5051830025160521,-0.17213912095847522,-0.4749505122291973
272,0.4909813255966568,-0.20910157658312847,-0.44422876173780146
273,0.5031362466538354,-0.24953783702832794,-0.4368946676123808
274,0.5008800795331382,-0.26613876519140556,-0.42432418236004027
275,0.5499023339454974,-0.3481613895511108,-0.42564800446442247
276,0.602705288127705,-0.39517036416160456,-0.45507587018593365
277,0.6044102594305809,-0.41750795117804035,-0.4370341776200772
278,0.5940135481386456,-0.40232602967878817,-0.4370192915823807
279,0.6040867387294119,-0.4022049534089701,-0.45072382160478813
280,0.5932833068792097,-0.4048123394881519,-0.43371886288200545
281,0.6161695167360813,-0.408290796842375,-0.46147968380915155
282,0.5946096289532407,-0.3907208176240339,-0.44821630215680125
283,0.5914076603996218,-0.4062564421144482,-0.4297891622875853
284,0.5816399531634763,-0.4075687552548293,-0.4149611365610518
285,0.5152731161771771,-0.39766562819128304,-0.32767122609434424
286,0.4961761570442911,-0.4101160973685548,-0.27927686173119864
287,0.45339977140087967,-0.3944323634385934,-0.22359441714545406
288,0.35579044637827617,-0.3420303035370663,-0.09799037297814156
289,0.2961300898515848,-0.2960965739815537,-0.004455220745818357
290,0.35333327587617436,-0.33991302915079086,0.09645484153178799
291,0.13289845456753108,-0.08339696161784753,0.10347437373257878
292,0.23013752828186806,-0.17711055219525848,0.14695282993116618
293,0.169089039530078,0.08558953346038331,0.14582707242222964
294,0.23719280575224622,0.16239217828715832,0.17288495461368114
295,0.28073263449076535,0.1984276738665007,0.19858819278107975
296,0.29902539174973586,0.2369250487190606,0.18243548503663906
297,0.28559123914670825,0.22961804810047642,0.16981727787206932
298,0.32550592670684086,0.26786459014789277,0.184939637898912
299,0.3626941962408539,0.32350149971407305,0.1639934744724456
300,0.3821857368572733,0.3519182677455853,0.1490619679330831
301,0.42285266729181553,0.39729444427681004,0.1447808785115754
302,0.4477261446988005,0.4228738459790675,0.1470932052602128
303,0.48917494284763374,0.4657641027617799,0.1495189796932145
304,0.5003870622841831,0.47422213439743466,0.15968900822829446
305,0.5164429085403174,0.49820481619126883,0.136033962323409
306,0.4721143418162142,0.44891421467902515,0.1461779039652411
307,0.47539085778957574,0.4568630339754008,0.13142540034825992
308,0.4704741505222003,0.4602186998643425,0.09769685053654636
309,0.4837068575107843,0.47158015685891347,0.10763122065590794
310,0.49037472024904605,0.477620967940144,0.11111065314923721
311,0.5017008826785225,0.48935526979229393,0.11061281845663201
312,0.5166682897688223,0.5057459567687921,0.10567473143878249
313,0.5145565676731689,0.5062346562794492,0.09216796687147046
314,0.5375753891983054,0.5345503481646771,0.056949313856551505
315,0.4854113449522048,0.48381251212704995,0.039365300933962996
316,0.5000572315887041,0.49940598490585336,0.025512685165882194
317,0.569376661218319,0.5582517245943767,-0.11200354604888446
318,0.6857878205759932,0.6184396571440649,-0.29637362453818666
319,0.7585216479227618,0.570529330454854,-0.49985135136178055
320,1.2401073268672598,0.7163478444542483,-1.0122805677753637
321,0.1654102468448839,0.044242027519324496,-0.15938379077642983
322,0.29295159958803,0.23683965485899502,-0.17241698752575854
323,0.5558642019925235,0.5217598253438872,-0.1917073178412896
324,0.5874632052953238,0.5461518724557706,-0.21640505952706243
325,0.5752955255436693,0.5309240705245978,-0.22155038489733778
326,0.5724913443003228,0.530302247643696,-0.2156985522502058
327,0.5509883328830321,0.5108870072797894,-0.20635553970253212
328,0.5294983353809651,0.48401269142709835,-0.21470957526088455
329,0.5700148082187659,0.5312919205501204,-0.20650853916204293
330,0.5633603695984346,0.528783830461708,-0.19432592898614573
331,0.5527102655052745,0.5194264693176809,-0.18890415709316533
332,0.5527295356939205,0.5188448578518552,-0.19055170717971825
333,0.5679221253812986,0.5321427597979463,-0.19839259989283015
334,0.5226741822371891,0.4890848730068773,-0.1843482784654119
335,0.5450043839325023,0.5116806275169479,-0.18765051006994038
336,0.5446423108443147,0.5133949925022873,-0.1818263689221437
337,0.5795251392584782,0.5356971953344115,-0.22108347279569268
338,0.5719235770044593,0.5247425937718546,-0.2274682136368992
339,0.5855339228641501,0.5240723866819152,-0.26114767535285754
340,0.6408680431057628,0.5551878501515555,-0.32012231993146606
341,0.656089557779894,0.5451559153978748,-0.3650459364717295
342,0.631283924642529,0.5091512327736373,-0.37320827385946276
343,0.6112189866955707,0.49058671586999925,-0.36457279644681234
344,0.6423217710478398,0.5194774373379216,-0.3777836016277827
345,0.5987259102354363,0.49047121992756415,-0.3433812720723404
346,0.5574033767460201,0.4694066904927465,-0.30059255368107934
347,0.5596739121432722,0.47387407442040386,-0.2977889345257153
348,0.5604700623006108,0.46219521918241735,-0.3170209300664038
349,0.5797310105778045,0.4862621077377348,-0.3156536190256942
350,0.5510019879925953,0.46155797523351466,-0.30094422451698644
351,0.5091913958618391,0.4098920253763828,-0.30209999197711823
352,0.459201825294709,0.36957864659684736,-0.2725397958714196
353,0.43919986078238,0.3443604431670464,-0.27260301336019266
354,0.4043909367262876,0.28893372353801544,-0.28292990847349814
355,0.4285140113066113,0.2996670815661637,-0.3063068691879123
356,0.4565708450865158,0.276948303987385,-0.3629828832073576
357,0.44774809318312386,0.2588479872741502,-0.3653437756870161
358,0.48948424153564274,0.30811595795385927,-0.3803411352534709
359,0.5137888666339407,0.3281543914071057,-0.3953399737911933
360,0.5556729780286721,0.3773614660497535,-0.40788574681157197
361,0.5942495175532454,0.3967558164181024,-0.4423994928237032
362,0.6144124289446172,0.3570015760739177,-0.5000525047656126
363,0.639823003710442,0.27505901773170227,-0.5776815843018742
364,0.654806477519284,0.2510479684771169,-0.6047697417403793
365,0.6544543607551605,0.18850125616070612,-0.6267198630467058
366,0.7015953857779115,0.20938601773441337,-0.6696219686675313
367,0.7669626636835959,0.1825119391637593,-0.7449302783128907
368,0.8069019487223197,0.1899891940698243,-0.7842160805470489
369,0.8757201655389331,0.1777162153790703,-0.857497962168352
370,0.7800362845231,0.11651351793865002,-0.7712854240228856
371,0.808546949361125,0.02613186168272632,-0.8081245542156088
372,0.7820085986794424,-0.044098499730552375,-0.7807642222400433
373,0.8371535586445397,-0.04392404518467577,-0.8360004539507329
374,0.8531831464579229,-0.032829492617784665,-0.8525512921896842
375,0.860151159745206,-0.04930665245477866,-0.8587367883319815
376,0.8452720720054607,-0.04048967984103634,-0.8443017597629269
377,0.8939028744820999,-0.06424909660683122,-0.8915909390480407
378,0.9179857611440095,-0.0473461916564801,-0.9167639804217738
379,0.9352998825965678,-0.05449784122139521,-0.9337107987419665
380,0.9584486491128225,-0.06364422258581454,-0.9563332190809026
381,0.9754312929692344,-0.0881340139200416,-0.971441507705932
382,0.9477212413072487,-0.056991654912786835,-0.9460060795234109
383,1.0194646833295007,-0.07209332610389624,-1.016912382109391
384,1.033894875022815,-0.07375889480622307,-1.031260509296951
385,1.1106662460608907,-0.0707519484083026,-1.1084104257608822
386,1.0920986820059486,-0.06046722847021084,-1.090423424876897
387,1.086733751044984,-0.06266550724604765,-1.0849254720310961
388,1.0915642908841177,-0.06709453179245597,-1.0895003097461229
389,1.0824358144272166,-0.06947957660104612,-1.0802036293172002
390,1.035024949486427,-0.07284691039742584,-1.032458218866473
391,1.075493789001829,-0.08798895658093979,-1.0718884427501345
392,1.0764619325439686,-0.0921957444420709,-1.0725065206902324
393,0.9617550095960178,-0.08044790389873306,-0.9583844913401597
394,1.0435432618597236,-0.08082711552505786,-1.040408341358685
395,0.9904395326709015,-0.08433372900745975,-0.9868425862461804
396,0.9657286102670194,-0.09031789136963683,-0.961495931965815
397,0.8878847077057331,-0.09327390582514541,-0.882971818729124
398,0.7945006581175279,-0.11551747319333881,-0.7860578917205853
399,0.7538304596729812,-0.11525269595011195,-0.7449679040113133
400,0.6728407817938058,-0.16006583909350577,-0.6535240200636788
401,0.6612520689899333,-0.1587764372768203,-0.641906801419916
402,0.6332065477068411,-0.19403824400506103,-0.6027434710739292
403,0.6438700879671266,-0.2523209173491274,-0.5923705300290437
404,0.6368327431864018,-0.27051095222060234,-0.5765238655277166
405,0.5871281181301343,-0.26745937102473644,-0.5226709404109677
406,0.5615314044936054,-0.27787338153546537,-0.48795891432230926
407,0.5731976930541253,-0.30385132525785313,-0.48603494469185804
408,0.5628365454021347,-0.3164184662276901,-0.46547215928595065
409,0.5315357131933602,-0.28409600057437984,-0.4492434494320602
410,0.5665899397567601,-0.3110304530464172,-0.4735865465902821
411,0.5666102959901873,-0.3338398744384129,-0.4578189224540991
412,0.5958346445641397,-0.3715650161620617,-0.4657878942473295
413,0.5986996092826955,-0.38099482937888046,-0.46182698290789587
414,0.5954072959533985,-0.38235447469466416,-0.45641527555013456
415,0.6032310609581899,-0.39570671060527585,-0.4553063936369617
416,0.5958824916456313,-0.41488597489168894,-0.42772137155861023
417,0.5743336957161865,-0.3790009483658198,-0.43152922864253623
418,0.5908427674407758,-0.39309331740365716,-0.4411040916265256
419,0.5893217607878888,-0.390199376892458,-0.44163852188285746
420,0.5937703356370425,-0.38116411957390467,-0.45527697661091565
421,0.6145710880362469,-0.3898480267639303,-0.4750959253438471
422,0.5920846879956155,-0.36975515436778755,-0.4624342154050876
423,0.5877692221009784,-0.37559821269762306,-0.45210467932497705
424,0.5698405477036115,-0.37187930883769477,-0.4317684905890544
425,0.45680819177284937,-0.33942471302471444,-0.30571978715626275
426,0.3672008740374489,-0.29405671630354563,-0.21992528160864655
427,0.35939258110586,-0.29933890229650045,-0.19889507013965502
428,0.2824401054939547,-0.25186232780325574,-0.12781932962178144
429,0.2067217262615556,-0.19095894308658456,-0.0791742013777978
430,0.15528239416576475,-0.1482193716119447,-0.046299458061754555
431,0.12911265344551479,-0.1272329385583622,-0.021951232893521754
432,0.09022923296799792,-0.07571431625856008,0.04907806837572142
433,0.11310072454672461,-0.049494629197847355,0.10169589752571964
434,0.10433714775696734,-0.026933454260596193,0.10080093969627271
435,0.15657413440152831,0.012122962469550615,0.15610411059465962
436,0.16878064592249736,0.009248062346319828,0.16852708916033057
437,0.14888085591523478,0.019532989634441944,0.1475939415219801
438,0.15929600359409005,0.01822058870744029,0.1582505194563438
439,0.1507888467947529,0.026950521632376608,0.14836086310558544
440,0.15255919003803098,0.033370041677402824,0.14886486080841393
441,0.1787384615522486,0.04202776836066298,0.1737270972666242
442,0.1986854506901268,0.04235312479788753,0.1941188325119265
443,0.1571216775130189,0.03064897523395414,0.15410341288113502
444,0.16240215886108642,0.03534097493103996,0.1585101785175487
445,0.16424127236028047,0.04322699238002398,0.15845069478011503
446,0.16019404415896912,0.03471287333346916,0.15638781349242106
447,0.14958413365879616,0.02773986030625314,0.14698950028026544
448,0.1706305185614913,0.00768715237946382,0.17045727192718513
449,0.16886439602856826,0.014994260081058152,0.168197373376384
450,0.15596674801568733,0.007141478733022586,0.1558031635368637
451,0.17385098997029635,0.007749450328009535,0.17367818726963324
452,0.15005502621326608,0.011932134853679078,0.14957986177857496
453,0.14869267938180183,0.002000638023392911,0.1486792196281601
454,0.14590721340332913,-0.0022050574998496754,0.14589055022360764
455,0.14662105095173744,0.0056724421625896915,0.1465112827808973
456,0.11663181331899437,-0.022156957312756007,0.11450785615283111
457,0.08255960737896056,-0.05258656252161532,0.06364544141357151
458,0.06869361041895823,-0.05172295328013126,0.045205621512959725
459,0.1353583098159668,-0.13453231391321932,-0.014930791988045209
460,0.15204393033806163,-0.14261792858968259,-0.05270183296085191
461,0.2763347519771376,-0.25948336163492397,-0.09502252461866816
462,0.3527858967126345,-0.33027551525961,-0.12399989088437431
463,0.3933435696800631,-0.366949939995411,-0.14165770485935092
464,0.4864231994771994,-0.4504202868354302,-0.18365482350519458
465,0.5752218209470935,-0.5277844338893201,-0.22874381879696776
466,0.654469264374583,-0.6073819081013999,-0.24375650908665075
467,0.6755874548883054,-0.628588675173183,-0.24757763761390233
468,0.7248314193365898,-0.6840501825203655,-0.2396996751173223
469,0.7569248247531436,-0.7171828611573182,-0.24204118242518163
470,0.7516679626353383,-0.7155785122826771,-0.23011327387108899
471,0.7569677417647195,-0.7264143274326597,-0.2128905516290843
472,0.7456458079036992,-0.7130688209159347,-0.21799203536349396
473,0.7566804896026827,-0.7248443343265598,-0.21717747199017223
474,0.7464287120104025,-0.7093090622014174,-0.2324574722233168
475,0.765759957423647,-0.7280974499108548,-0.2371969979295183
476,0.7673923250974427,-0.7275769531445345,-0.24397286298146972
477,0.7838862011285512,-0.7556613143089044,-0.20845516154964983
478,0.7514220799369141,-0.710351321353747,-0.2450227386748092
479,0.7411580131993862,-0.6992258869692034,-0.24576077702064753
480,0.7476889793118092,-0.7009916531028365,-0.2600951980804098
481,0.709786352216806,-0.6502537888009181,-0.2845464389924615
482,0.7100820925087261,-0.6432123624098502,-0.3008229295527696
483,0.675409766345577,-0.6028102581338456,-0.3046278798199427
484,0.646944069821144,-0.5669433151772343,-0.3116278338861798
485,0.6412469617092293,-0.5007134980951915,-0.4006041172112369
486,0.636491916781494,-0.4473900759527428,-0.4527295882391377
487,0.6524840850758111,-0.4273507610845329,-0.49305862559911545
488,0.6643248597517506,-0.4195517059460452,-0.5150765819972273
489,0.6081109250431564,-0.3743145108392099,-0.4792572838591464
490,0.5793625067371218,-0.3458007822329076,-0.4648469997965251
491,0.5729933034262025,-0.33871814591080873,-0.4621594350459765
492,0.5995234813937621,-0.3687296738948182,-0.4727227859241795
493,0.5569708572637234,-0.3385354400345742,-0.4422785227452088
494,0.5436299047728204,-0.32966318857911425,-0.43226803659206303
495,0.5731415299753938,-0.3531952158412557,-0.45138049679775055
496,0.5480036887010334,-0.33146628528255656,-0.43639219121212747
497,0.5219350612458532,-0.2791194845683492,-0.4410312024018387
498,0.5381708981251434,-0.2713676258601294,-0.46474458278054226
499,0.5123351194588673,-0.22311249465065003,-0.46120287223920836
500,0.5245052293108585,-0.2169985187025266,-0.47751165269063905
501,0.49369095495390297,-0.18975241178624852,-0.4557683416217044
502,0.5105739156716809,-0.22025299321432126,-0.46062386210925377
503,0.5830694736614365,-0.17055639977679016,-0.5575666109183766
504,0.608704856592174,-0.2000350938924439,-0.5748978723654665
505,0.6162832840334345,-0.20485197619705708,-0.5812407023146222
506,0.5339210352126421,-0.15661908819039114,-0.5104332797310045
507,0.49938917911274977,-0.16559561052017766,-0.47113442454500787
508,0.4665959629432654,-0.16815117200267518,-0.4352435823640365
509,0.31456719944378575,-0.10932705419443481,-0.29495782442083746
510,0.49124033997771166,0.13642298462572622,-0.4719171970666322
511,0.49482208523980065,0.27647162246944007,-0.410380723243892
512,0.47411675404258835,0.306725079104777,-0.3615334318040982
513,0.468124058365436,0.3207057190734085,-0.34101022825442373
514,0.48769100670727944,0.34355757149347527,-0.3461368415708812
515,0.4810632258419722,0.3394572195200313,-0.34086745719298817
516,0.45279606028789643,0.36157231200407847,-0.2725614341836821
517,0.43136654458280466,0.35579871167807775,-0.24389418310720107
518,0.4228566160858389,0.35973233134289817,-0.22226193455958643
519,0.44382263858616733,0.4117593394704147,-0.16562844224491008
520,0.48292556896928557,0.4723731762442431,-0.10040262710324598
521,0.4946349938987508,0.48443685353817934,-0.0999235313789792
522,0.5731266401572576,0.5708734971204331,-0.05077002997274572
523,0.6312981392252927,0.6311662030167984,0.012905997004286756
524,0.6489097644150709,0.6488755809326351,0.006660542212018304
525,0.6536970739155532,0.6511617584405689,0.057517204298735726
526,0.7686225964852528,0.7654324246697832,0.06995640851178855
527,0.8207565093255552,0.8130700399858372,0.11206407844487629
528,0.7991809399017524,0.7884089390356072,0.13077277832560077
529,0.8417836734495332,0.8314174219191109,0.13169974721148636
530,0.7873287923646745,0.7772445072346088,0.12560892985789993
531,0.7776641055134119,0.7711094292398486,0.10075569036719417
532,0.7814079819873003,0.7749721415448788,0.10008303623896225
533,0.7490278608661289,0.7439629211816503,0.08695923332547699
534,0.7314774875962983,0.730053448560115,0.045621016052651335
535,0.7287618421235369,0.7285355928612132,0.018157986387578446
536,0.7811036992099348,0.7790132830071107,-0.05710773868686689
537,0.7074184265799798,0.6981394383261744,-0.11420225443706374
538,0.7362775882794683,0.6891176107759477,-0.259271297140813
539,0.7741043614517059,0.6138917384411372,-0.47156600374949814
540,0.9222887434759036,0.5485719292056852,-0.741407691374937
541,1.0248147923142366,0.5188681377546761,-0.8837540461967153
542,0.9961046563885249,0.5198715172201727,-0.8496811708294453
543,0.9740197948857761,0.5241379010435361,-0.8209713889771102
544,0.786053072493441,0.5075920213190238,-0.6001914466815123
545,0.6424300746815788,0.5412699784982973,-0.3460393203551175
546,0.6281244643880182,0.6114197189491027,-0.1438967339550658
547,0.5934356009849137,0.5893948797109229,-0.06913384328151007
548,0.5725006248966805,0.5704555956427864,-0.04834644668353113
549,0.4921422520946866,0.4873302156250273,-0.06865316624668104
550,0.4819126571589286,0.47333370360874655,-0.09052631748837664
551,0.45159110647274836,0.44224901502704056,-0.0913801737407714
552,0.42524613981392784,0.4193589610270594,-0.07051482987962152
553,0.41543054041758376,0.40913146480019663,-0.07206926128448353
554,0.38923590982765904,0.3859605425477813,-0.0503890176088782
555,0.3900351815175779,0.3880308384214257,-0.03949064769556638
556,0.39042436535879577,0.3862211911801545,-0.05713472279797078
557,0.3776391267374783,0.3735824027268989,-0.05520415216124877
558,0.38133358813550927,0.3758759389400339,-0.06428517687811182
559,0.36955540052361885,0.3644406842963207,-0.06127137737803723
560,0.37248412621956223,0.3636786564530083,-0.0805124780769137
561,0.3573662889778305,0.3514077477225828,-0.06498660891543609
562,0.34828166421669005,0.34074633936896787,-0.07205587995573573
563,0.36279072072838114,0.3560329481881452,-0.06969682095386974
564,0.34838334017498757,0.34566841267608783,-0.043408526690904406
565,0.3560585217350192,0.35000198059915383,-0.06539330605495232
566,0.3416138235776354,0.3361451341084888,-0.06088064778333004
567,0.33098504074961876,0.3230060985436351,-0.0722368154312348
568,0.3258809906010015,0.3182705187132454,-0.07001640488551038
569,0.33634682514661607,0.33026945549804615,-0.06364961548377535
570,0.3568979942770663,0.3493836536397696,-0.07285081254398183
571,0.31980403241458677,0.3157926943306411,-0.050493498155944075
572,0.34446090980661503,0.33632954998742404,-0.07440263563918836
573,0.3371299904554527,0.3256603056692147,-0.0871894246794145
574,0.3354895471254918,0.32732183207002225,-0.07357754060031987
575,0.3349485762243428,0.3263144228331681,-0.07556087721678975
576,0.32704986396201,0.3248056785496145,-0.03824767573975905
577,0.36780699939674094,0.3577721954358456,-0.08532903947806561
578,0.34282673804006836,0.33492885714815274,-0.07316305737615098
579,0.35898281977758173,0.3514963280209951,-0.07293144920554323
580,0.33348410966112924,0.32524124624092676,-0.07368706223025101
581,0.33804926118961104,0.3324824060188664,-0.06109625748560636
582,0.3473601376496953,0.3416060143733545,-0.06296345108050198
583,0.3443055692961093,0.3399203454263155,-0.05477667216591636
584,0.3276326505214605,0.3228552228731362,-0.05574637881741762
585,0.319952757861116,0.3114278801948554,-0.07336513272851565
586,0.31327241821300367,0.30556143909460026,-0.06907832475863887
587,0.3424754022650553,0.33210682237297073,-0.08363288641401485
588,0.33951721755904224,0.3294521529521792,-0.08205619985234469
589,0.34022314121181724,0.3283112104685755,-0.08923864015489519
590,0.3131386573702685,0.30385702235569967,-0.07567515249262634
591,0.31882197122974143,0.3101539694472075,-0.07383741988286661
592,0.33029284750812044,0.32282850813312236,-0.06982205562402932
593,0.33473151157205516,0.32210133881811365,-0.09108189924947573
594,0.3321920056436514,0.3220652994056141,-0.08139699952899901
595,0.3309503728268355,0.3216675592766799,-0.07783399375083501
596,0.33843695762164266,0.33020338018356676,-0.07419772233391261
597,0.3582317656161326,0.3481691593948164,-0.0843103454076586
598,0.36548739998710156,0.35715115995544156,-0.07761500171883116
599,0.37751037034317936,0.3713995516655602,-0.0676494843976308
600,0.4252841634608044,0.42134726248950954,-0.05773304152002173
601,0.45423722536401584,0.45015240554986563,-0.060780495918255115
602,0.500202544064381,0.49629211868532197,-0.06242369757802967
603,0.47081439398510067,0.47068260256488764,-0.011139175297192657
604,0.48694076005426923,0.4862285312087606,-0.026327157856493477
605,0.4991080867015847,0.4983357089846784,-0.027756140971945686
606,0.4967012787884167,0.4948154435456018,-0.04324161397100912
607,0.48333333196549266,0.47483784621675024,-0.09022266671465112
608,0.4760180572662036,0.45845912308178066,-0.12809536801373975
609,0.45578800780306206,0.42114682449221175,-0.17429302991574389
610,0.48073974811149844,0.40767968197039084,-0.25477045025439654
611,0.49840025191180704,0.3752711129505371,-0.32798536993380956
612,0.5118216104232827,0.3610889440496866,-0.36273424897762935
613,0.49693323875062656,0.3133642075993054,-0.3856754038966533
614,0.5117364508481699,0.32266068122755004,-0.3971955184999633
615,0.4925271489219736,0.31992216543352725,-0.3744767021985891
616,0.48963304058189333,0.3109191600920596,-0.37824567455176294
617,0.48452552541376404,0.3071981791876472,-0.3746922250077766
618,0.5026635633821084,0.312288079073427,-0.3938868030546694
619,0.5405373633498363,0.3185581476312084,-0.436693654356193
620,0.5346833636221806,0.29928036906515965,-0.44307737476263764
621,0.548874973904737,0.25852277580156974,-0.4841794206394744
622,0.5360503098888575,0.22063868044189833,-0.4885371095677359
623,0.58412606866888,0.14414070589601782,-0.5660624709361668
624,0.6002928867594146,0.08675277753232624,-0.5939911661669541
625,0.6479155897459212,0.025560603179894305,-0.6474112039506923
626,0.6633081957656344,-0.00556974241348948,-0.6632848110271398
627,0.6827605814562605,-0.00966378071708171,-0.6826921875433636
628,0.6584021605809968,-0.013316280301783686,-0.6582674849456328
629,0.6266498522057758,-0.023788001782039443,-0.6261981860726988
630,0.6682807500447413,-0.021956986863055323,-0.6679199440114494
631,0.6381156628747852,-0.01686062482444455,-0.6378928738719816
632,0.6543574646914954,-0.02361668359415348,-0.6539311461105789
633,0.7163200623515791,-0.04452229016157531,-0.7149351001357667
634,0.6546351155772565,-0.04146877188313404,-0.6533203467712854
635,0.6373463756321573,-0.08985210600159448,-0.6309809835316158
636,0.6333658796303846,-0.1201045912031589,-0.6218739620308065
637,0.5694161274043209,-0.1946747182577072,-0.535104176978106
638,0.5234793448899446,-0.2506216658256098,-0.45958612375179686
639,0.5377772082623957,-0.2893848772965765,-0.4532777498604377
640,0.5355679940086991,-0.31105756663059697,-0.43597736919289015
641,0.5906198412133848,-0.37214483655822306,-0.45862840890853823
642,0.5646264014281647,-0.35903344272442117,-0.43577283095113756
643,0.5848443034606512,-0.3616341875326643,-0.45963417377079796
644,0.5950275033174122,-0.3717090028319719,-0.46463980341530586
645,0.6125843647544674,-0.3813395100317229,-0.47941608445107464
646,0.6278675160925317,-0.4170910721033468,-0.46931083019240694
647,0.6803326779879038,-0.4665354495982907,-0.4951739361136786
648,0.7963357266498946,-0.5144957452287383,-0.6078196423944696
649,0.7820277983435382,-0.48941250093680466,-0.6099531796038314
650,0.8763112708803051,-0.542455494754562,-0.6882321408379871
651,0.8927960812277034,-0.5875256342933481,-0.6722339412018281
652,0.8860986255610162,-0.5964754869597055,-0.6552768633770798
653,0.8534290943258651,-0.599552163324702,-0.6073536222782706
654,0.8516782715946948,-0.6054701572033998,-0.5989672503923875
655,0.8348724552792042,-0.6123501889001354,-0.5674850330518818
656,0.7563659078498127,-0.5906924989994091,-0.47241058220927307
657,0.7286442827183287,-0.6142557081474594,-0.3919341982353299
658,0.7525605884320123,-0.6696041494615422,-0.3434788527479113
659,0.8058411353941523,-0.7443559313132614,-0.3087299515954092
660,0.8357582867984553,-0.7895081059076567,-0.2741694086844727
661,0.9369475314616262,-0.9116169324588506,-0.2163914165727247
662,1.1123681081043642,-1.0967565642670611,-0.18570903764974436
663,1.4204416868084628,-1.4108144783183207,-0.1650972240550279
664,1.4368214128573527,-1.4280617960285196,-0.1584148956670357
665,1.5769392323600553,-1.5708721174818077,-0.13819599514653788
666,1.575559587746034,-1.5704153122245663,-0.12721541443186357
667,1.5232582193595339,-1.5182467220312468,-0.1234604952515271
668,1.354580875813121,-1.3474678479358149,-0.13863530538021512
669,1.2578350946928842,-1.2478500371581331,-0.15817525155820883
670,1.1278873073204587,-1.1157411670707864,-0.16508005972289472
671,1.0851132209147414,-1.0730164745556678,-0.16157458815076692
672,1.0059777264329082,-0.9940241084822018,-0.1546197200724638
673,0.9278795345735009,-0.9171560478468209,-0.1406599252748865
674,0.8370936870555067,-0.8288799002522106,-0.11697842478879603
675,0.8135961540476709,-0.8047663220613985,-0.11954023907007545
676,0.838924208773549,-0.8314141259272249,-0.11200169317913827
677,0.8027145127739878,-0.7952649636187947,-0.1091064922833543
678,0.8140518633607626,-0.807096666903964,-0.10618571708870123
679,0.831742093174323,-0.827599805515951,-0.08290640185151095
680,0.8177013071457323,-0.8103664645509954,-0.10927772343419084
681,0.7993159999426357,-0.7907524914138248,-0.11669003850854022
682,0.7554276478726967,-0.7513862609879116,-0.07803600431263086
683,0.7715279745344402,-0.7706486819596564,-0.03682423771186737
684,0.7741027798649178,-0.7730356740098969,-0.04063201327349915
685,0.7808655079271389,-0.7807750913684527,0.011882683572871887
686,0.7631619732636464,-0.7631597514740195,0.001841511817898914
687,0.7839884479477152,-0.7832443593340539,0.03414908617891042
688,0.7476712427880763,-0.7465474764657366,0.04097746545245244
689,0.7223384571674014,-0.7205232460706323,0.05117712941168924
690,0.6630805200848676,-0.6586077320170308,0.07688713444654749
691,0.6250485057260803,-0.6238081280399446,0.03935802207563199
692,0.5929509970917914,-0.5904754120061315,0.05412645165110088
693,0.5542878542239076,-0.5524391395783156,0.04523297914259235
694,0.49434382405523764,-0.49028100506642175,0.06324833952456856
695,0.501461514518832,-0.49818125890888515,0.05726328505664948
696,0.46448256982577807,-0.4616281966214046,0.05141464534574389
697,0.42693746922619974,-0.4219791165376099,0.06487856221750346
698,0.41046883446383686,-0.40359517562183606,0.07480373173097712
699,0.39272523234380863,-0.38394126488412583,0.08259669024044487
700,0.3890678941002417,-0.37953375365345654,0.08560348157238847
701,0.3764359794098247,-0.35822549209746624,0.11566565352671518
702,0.3421609280942721,-0.3243251730535458,0.10902881654920966
703,0.3396347992115562,-0.32722668862135085,0.09096422972454382
704,0.3005036061024685,-0.288328421962704,0.08467076454765533
705,0.3157600375480753,-0.29672360250726704,0.10797918793670984
706,0.2952750655330699,-0.26643435090783835,0.12727961730724052
707,0.3009097178626949,-0.27683349367151694,0.11794013348232574
708,0.290310216516075,-0.2679650213598523,0.11169050604784758
709,0.27594549435891214,-0.2551881768075405,0.10499957273545371
710,0.27335113112518383,-0.2562953176086179,0.09504499491985431
711,0.28797415634778833,-0.26357816307715043,0.11599856323720364
712,0.33849418817205146,-0.3112084710616168,0.13314504484113182
713,0.3422463249337478,-0.3112223004538809,0.14238408138148997
714,0.37929770321091344,-0.33613565807897156,0.17572582914554957
715,0.384692384020833,-0.3129775165958257,0.2236812563205547
716,0.43278920542482296,-0.30798789845900654,0.3040558348972344
717,0.43163450155043925,-0.3070885893714927,0.3033231629904365
718,0.4297184703093313,-0.23531249799435494,0.3595636133045839
719,0.4135433059577574,-0.2118796427400334,0.3551409338485598
720,0.42945926583697686,-0.14915759295095918,0.4027248111034521
721,0.4706518878007122,-0.12712634497002775,0.45315791056202
722,0.5172911737319097,-0.09969076602106952,0.5075942371531312
723,0.4648144407008641,-0.0717353989537942,0.45924557354534956
724,0.4807490683631737,-0.024817022926285556,0.48010809418831474
725,0.509260072901125,-0.05484463019817986,0.5062982208043832
726,0.4845764467786537,-0.04023147923070547,0.4829034694962697
727,0.4981744729419532,-0.0386582279406826,0.4966722731374071
728,0.5001650994555074,-0.016684739205986197,0.49988673336163436
729,0.4842944598940114,-0.01162010703730132,0.4841550340505341
730,0.4833066595534983,0.002920166293657527,0.48329783756766226
731,0.4497177616577108,-0.001446400446900396,0.4497154356658984
732,0.46326846345025147,-8.037944756404629e-05,0.4632684564771288
733,0.4940153313826889,-0.0032603739286857763,0.4940045724515038
734,0.43572469047627843,0.013021643366190735,0.43553007094194124
735,0.42762214603657056,0.024911022592962566,0.42689593665704406
736,0.4108968508666973,0.003134604297276648,0.41088489423203234
737,0.4071526453850959,0.026670936187626244,0.40627815324843297
738,0.34460348960459586,0.020955207490593458,0.343965760398751
739,0.36539701125119267,-0.01088073026680721,0.36523497305182206
740,0.36734979665920015,-0.02564045948436564,0.36645387150770603
741,0.3974131451138327,0.008144754632338238,0.3973296753091156
742,0.41278521266871754,-0.0019320948971008804,0.41278069093317216
743,0.4006080922093277,0.010653820997911982,0.40046640263790123
744,0.3839305459915478,0.03491552806022375,0.38233960041518555
745,0.38162582699666475,0.015248158156557183,0.3813210792805991
746,0.39737953864966985,0.031162338824230015,0.39615578548902747
747,0.4276081200237896,0.02026411916563315,0.4271276972811769
748,0.425544618053766,0.041872896088741104,0.42347949481370056
749,0.44008383698139814,0.0538117684126567,0.43678149818023704
750,0.47922996204253154,0.046105580691320695,0.47700695167722906
751,0.543638127236787,0.07437412370722932,0.5385266039002183
752,0.5021334170226087,0.045046944479398936,0.5001087294617752
753,0.5394521902375079,0.061977964900679756,0.5358800214775827
754,0.5110504396892581,0.0836038127704866,0.5041656021555035
755,0.46463529910378143,0.11432908298523985,0.4503496663227526
756,0.3379820217955948,-0.024330449975553208,0.33710514125569935
757,0.32281561617004817,-0.2254496638057141,0.231046253233283
758,0.3927681283873381,-0.31157111322720565,0.23914481821534903
759,0.7386461199797695,-0.6760265606961456,0.29763430547319064
760,0.8277364714902447,-0.8088107954574519,0.1759908048353787
761,0.2037139259525215,-0.1957123383500299,-0.05653356741399603
762,0.1426443307887326,-0.13557711610010348,0.044342425465285815
763,0.10864560479518243,-0.08419697947733569,0.06866393586304297
764,0.1677449979371824,0.06490058104821919,0.15468128171355724
765,0.3617508822248504,0.23959509488209718,0.2710311629663579
766,0.4478764861198059,0.3643604716467076,0.2604511346114919
767,0.3770662895629823,0.2571093236095769,0.2758147610948709
768,0.4855689359984326,0.37290257948332534,0.31099977141684876
769,0.5378910138183924,0.4374239793658728,0.3130287606950878
770,0.5721681617226323,0.43714557081721306,0.36916142160841947
771,0.5866846963718297,0.45390671841301383,0.37170905818453637
772,0.5470331841082844,0.40629007787383437,0.36629725242884603
773,0.5715065234100131,0.417142830481028,0.39065530238110957
774,0.54417555162457,0.39678257055012045,0.37241189923731466
775,0.5705477768315991,0.43154790609666377,0.3732173232730031
776,0.5491965755509286,0.41451470698780546,0.36026994918766203
777,0.5462089689102674,0.4262507678759325,0.34154724505285544
778,0.5239346621396781,0.3821544712381367,0.35842082850208185
779,0.520555438299281,0.40199338527350276,0.3307253884105447
780,0.5253471826580461,0.39526557766347314,0.34605604378641813
781,0.4988167704048083,0.38417472898860905,0.3181633983405572
782,0.46589281048264786,0.36428580013542305,0.2904341004068136
783,0.4786207117235774,0.36417325353465446,0.31057306241972765
784,0.47573026695333503,0.37906929398125,0.28744696424914296
785,0.4590341584312743,0.34909096113633636,0.29807358061327266
786,0.43938673036292325,0.3172961650933373,0.3039471046680357
787,0.4607487568536488,0.31216375208037056,0.33888524433691075
788,0.4767665630830204,0.3271233923895811,0.3468380628269161
789,0.48840378133558593,0.29687288415936813,0.38782050522606104
790,0.5394329171974197,0.30026341800852113,0.44814032619477384
791,0.5480172432526018,0.2920737129128384,0.4636980107003805
792,0.5709823875682917,0.2648864268192925,0.5058221701350134
793,0.6228096943079517,0.25634151541204603,0.5676098508660857
794,0.6428880272926314,0.2617376016549874,0.5871954048833372
795,0.5904289378481652,0.24347587593989437,0.5378901639589756
796,0.590544278916623,0.23256308322857083,0.5428231366480016
797,0.5586108211609606,0.24401536630869394,0.5024963189152302
798,0.49237708422287374,0.2115046097079901,0.4446357983114829
799,0.49461631179244847,0.25398903950252244,0.4244229773513101
800,0.3310987153584251,0.24349192050978768,0.2243614137022109
801,0.3407743683238459,0.2879289845335327,0.1822747101821996
802,0.28769401956993507,0.28155530602516726,0.05911394543913122
803,0.308116665281777,0.3020805226851535,-0.06068967983625439
804,0.29396431491049657,0.2654178711089163,-0.12636602445597583
805,0.2713717581142502,0.1960161962852966,-0.18767067404329102
806,0.31065580607966636,0.17733186516472418,-0.2550694796485996
807,0.28561124722554876,0.15909143591480623,-0.2371997039633453
808,0.2532510902387288,0.1284560308858407,-0.21825481171364974
809,0.3023656206671704,0.12493250812456527,-0.2753485735847357
810,0.3021517700659246,0.10959932826020835,-0.2815735772384946
811,0.32291917388927,0.09015960754896676,-0.31007747101642985
812,0.3501332243151064,0.06310000639009197,-0.34440044129307235
813,0.3752850635009068,0.0441689054934849,-0.3726767858002256
814,0.3683948073155743,0.036563758298050544,-0.3665758115809073
815,0.3911401585481423,-0.011466319215658745,-0.39097205418381314
816,0.4015704569581634,-0.046624511375825274,-0.3988545936059327
817,0.3931578474912307,-0.07527549387974931,-0.3858843001018539
818,0.42364908236214777,-0.20441471203713218,-0.37107030397091356
819,0.5132840969503007,-0.3487413295317978,-0.37661658123146907
820,0.5585617123141884,-0.43254524618684687,-0.3534059938152127
821,0.5181504915261421,-0.3487345088016172,-0.38322861876388814
822,0.7693581580922695,-0.6503779098613682,-0.41099945229584867
823,0.7520563989384409,-0.6572052368001576,-0.36560922295082215
824,0.8223972209637648,-0.7286308406550827,-0.3813584758402401
825,0.9070335537808846,-0.8591360052844985,-0.2908525263912538
826,0.9059240679073615,-0.8734979768841709,-0.24020762101374332
827,0.9132845905438177,-0.8770531270096575,-0.25468913547179506
828,0.8681509854468967,-0.8337726678442473,-0.241886898959626
829,0.8659874938802702,-0.8352017007170048,-0.22885029752319214
830,0.8750968884945036,-0.8475908760741935,-0.2176792848402045
831,0.836625468362457,-0.7998353256564555,-0.2453683478868703
832,0.7862599948816255,-0.7474887533524914,-0.2438551684151721
833,0.7256653325748514,-0.6962449172917319,-0.20453163580825123
834,0.7168257085804851,-0.686164915507288,-0.20740493053153528
835,0.7087197754490563,-0.6847659993596479,-0.1826998802231228
836,0.6892724656347156,-0.6823582044387476,-0.0973848690366656
837,0.5928876065019242,-0.5901151564942516,-0.05726967800979321
838,0.6441639048728548,-0.6111686945640293,-0.20351895028705444
839,0.6201572172945983,-0.551326036523936,-0.283962278504359
840,0.8000719397442656,-0.540922859901327,-0.5895062072636056
841,0.35564084498107235,-0.21059962109442362,-0.2865801985722955
842,0.4352389646353336,-0.2084207283505657,-0.38209129318875734
843,0.5910927715053976,-0.2546259866163572,-0.5334381608636364
844,0.6782948641184627,-0.29293308235649373,-0.6117794798377987
845,0.6622647460455012,-0.33969390283993817,-0.5685091434867894
846,0.7537674911098281,-0.3901049858602057,-0.6449678524244549
847,0.6120233800009756,-0.3431173192914117,-0.5067969246849215
848,0.6130501944942697,-0.3518475925684082,-0.502029692919928
849,0.6121233785202526,-0.40553194757083433,-0.45851812399343
850,0.6232671913422855,-0.4050229470438236,-0.4737281965131874
851,0.6929808178480976,0.11592375542941055,-0.6832159957382149
852,0.7129302497048601,0.1027796013552449,-0.7054827386190898
853,0.7465862527302896,0.09229063783398549,-0.7408599536579447
854,0.5544106877190671,0.09878856502551227,-0.5455382938688439
855,0.3675469293645518,0.07930087604787844,-0.35889011736651355
856,0.20976419611417557,-0.007807695792180594,-0.20961883946306706
857,0.10780410376864101,0.060900217916342224,-0.08895441668125281
858,0.22689384537317925,0.15328473218539448,0.1672860064293486
859,0.23303172171922176,0.20449988637570377,0.11172994137539435
860,0.20608889304553174,0.1821541978455846,0.09639751056933084
861,0.16917726865703986,0.16187223146710217,0.04917650770558174
862,0.2541463070546843,-0.04958013769558352,-0.2492632249964299
863,0.12569763528791586,-0.04050674901192283,-0.11899201150270129
864,0.15362518719830529,-0.036480937995891805,-0.14923082558457632
865,0.16609358191504264,-0.034086434355827054,-0.16255827553918895
866,0.217700042458786,-0.044736229245374654,-0.2130539327951083
867,0.24182451291857116,-0.06293832707451265,-0.23349060373677966
868,0.210672186540531,-0.047368062764316134,-0.20527795013523517
869,0.23715585227579208,-0.0664565703917405,-0.22765417307931113
870,0.2424662475119313,-0.05560219733873807,-0.23600482375074702
871,0.23642969978145262,-0.08483199393460701,-0.22068651010840382
872,0.2315954158287487,-0.0820877741638071,-0.21655953907810857
873,0.21970602952670348,-0.08762640719697841,-0.20147543813611135
874,0.23017719087620145,-0.09579817702729701,-0.20929464512477602
875,0.22486457070175947,-0.09061432654114436,-0.2057987341612709
876,0.23634917114502202,-0.0830373187147604,-0.22128202457859564
877,0.2017044682252124,-0.08081449895308221,-0.1848072218853419
878,0.23206336896121166,-0.09677791916105631,-0.21092046267843123
879,0.24788716458308988,-0.09690697741399804,-0.22816021584300528
880,0.23463950882030787,-0.11359023182194085,-0.20531185629201515
